pclass,age,sibsp,fare,sex_male,deck_A,deck_B,deck_C,deck_D,deck_E,deck_U,embarked_C,embarked_Q,embarked_S
0.0,1.8728332454151075,0.0,0.850595042845381,1.0,0.0,0.0,0.0,1.0,0.0,0.0,0.0,0.0,1.0
1.0,2.7586870918647336e-16,0.125,-0.3643001275179457,1.0,0.0,0.0,0.0,0.0,0.0,1.0,1.0,0.0,0.0
1.0,-1.310822432816807,0.5,-0.036891183720416,1.0,0.0,0.0,0.0,0.0,0.0,1.0,0.0,0.0,1.0
1.0,-0.1072452861681564,0.0,-0.3324782357601681,1.0,0.0,0.0,0.0,0.0,0.0,1.0,0.0,0.0,1.0
1.0,1.9893084531553,0.0,-0.4881266916175683,1.0,0.0,0.0,0.0,0.0,0.0,1.0,0.0,0.0,1.0
0.0,-0.611971186375655,0.0,0.5546058183979476,0.0,0.0,1.0,0.0,0.0,0.0,0.0,1.0,0.0,0.0
1.0,-0.4566709093887323,0.0,-0.5056888645933791,1.0,0.0,0.0,0.0,0.0,0.0,1.0,0.0,0.0,1.0
0.5,-0.379020770895271,0.0,-0.392417392674198,1.0,0.0,0.0,0.0,0.0,0.0,1.0,0.0,0.0,1.0
0.5,0.0092299215720355,0.0,-0.3974928857999828,1.0,0.0,0.0,0.0,0.0,0.0,1.0,1.0,0.0,0.0
1.0,-1.5437728482971909,0.625,0.2630462909985802,0.0,0.0,0.0,0.0,0.0,0.0,1.0,0.0,0.0,1.0
0.5,2.7586870918647336e-16,0.0,-0.2377356974121854,0.0,0.0,0.0,0.0,0.0,0.0,1.0,0.0,0.0,1.0
1.0,2.7586870918647336e-16,0.0,-0.5035948611437696,1.0,0.0,0.0,0.0,0.0,0.0,1.0,0.0,0.0,1.0
0.5,-0.6896213248691163,0.125,-0.4214202105358254,1.0,0.0,0.0,0.0,0.0,0.0,1.0,0.0,0.0,1.0
0.0,-1.854373402271036,0.0,1.956810854117618,1.0,0.0,0.0,0.0,0.0,1.0,0.0,1.0,0.0,0.0
0.0,-0.5343210478821937,0.125,1.546420981375591,0.0,0.0,0.0,0.0,1.0,0.0,0.0,1.0,0.0,0.0
1.0,-2.294393442071933,0.0,-0.3653480960033459,1.0,0.0,0.0,0.0,0.0,0.0,1.0,0.0,0.0,1.0
0.5,1.096331860480494,0.125,-0.1410596378734276,1.0,0.0,0.0,0.0,0.0,0.0,1.0,0.0,0.0,1.0
1.0,-0.379020770895271,0.0,-0.4930417024845188,1.0,0.0,0.0,0.0,0.0,0.0,1.0,0.0,0.0,1.0
1.0,-0.611971186375655,0.0,-0.470483310751745,0.0,0.0,0.0,0.0,0.0,0.0,1.0,0.0,0.0,1.0
0.5,-0.9225717403495004,0.0,-0.440755422443577,1.0,0.0,0.0,0.0,0.0,0.0,1.0,0.0,0.0,1.0
0.0,2.7586870918647336e-16,0.0,0.8875736356189561,0.0,0.0,0.0,0.0,0.0,0.0,1.0,1.0,0.0,0.0
0.0,1.0186817219870328,0.0,3.44248019907948,0.0,0.0,1.0,0.0,0.0,0.0,0.0,0.0,0.0,1.0
1.0,0.4751307525328035,0.125,-0.176829779902768,1.0,0.0,0.0,0.0,0.0,0.0,1.0,0.0,0.0,1.0
1.0,2.7586870918647336e-16,0.0,-0.491268663552578,1.0,0.0,0.0,0.0,0.0,0.0,1.0,0.0,0.0,1.0
1.0,-2.08732381775142,0.125,-0.3363452781417185,1.0,0.0,0.0,0.0,0.0,0.0,1.0,0.0,0.0,1.0
1.0,-0.6896213248691163,0.0,-0.4934438748922,1.0,0.0,0.0,0.0,0.0,0.0,1.0,0.0,0.0,1.0
0.5,0.7080811680131874,0.0,-0.392417392674198,1.0,0.0,0.0,0.0,0.0,0.0,1.0,0.0,0.0,1.0
0.5,-0.2237204939083484,0.0,-0.1410596378734276,1.0,0.0,0.0,0.0,0.0,0.0,1.0,0.0,0.0,1.0
1.0,0.0092299215720355,0.0,-0.5040782414414634,1.0,0.0,0.0,0.0,0.0,0.0,1.0,1.0,0.0,0.0
1.0,-0.379020770895271,0.0,-0.5040782414414634,1.0,0.0,0.0,0.0,0.0,0.0,1.0,1.0,0.0,0.0
1.0,2.7586870918647336e-16,0.0,-0.4881266916175683,1.0,0.0,0.0,0.0,0.0,0.0,1.0,0.0,0.0,1.0
0.0,-0.6896213248691163,0.0,-0.1304252713241642,0.0,0.0,0.0,0.0,0.0,0.0,1.0,0.0,0.0,1.0
0.0,1.8728332454151075,0.0,0.3589972800907973,1.0,0.0,0.0,0.0,0.0,1.0,0.0,0.0,0.0,1.0
1.0,2.7586870918647336e-16,0.0,-0.5023864103995351,1.0,0.0,0.0,0.0,0.0,0.0,1.0,0.0,0.0,1.0
0.5,-0.9225717403495004,0.0,-0.392417392674198,1.0,0.0,0.0,0.0,0.0,0.0,1.0,0.0,0.0,1.0
0.5,2.7586870918647336e-16,0.0,-0.6437751474749684,1.0,0.0,0.0,0.0,0.0,0.0,1.0,0.0,0.0,1.0
1.0,-0.9225717403495004,0.0,-0.4934438748922,1.0,0.0,0.0,0.0,0.0,0.0,1.0,0.0,0.0,1.0
1.0,1.0186817219870328,0.0,-0.5190630306699708,1.0,0.0,0.0,0.0,0.0,0.0,1.0,0.0,0.0,1.0
1.0,-0.7672714633625777,0.0,-0.4654078176259602,1.0,0.0,0.0,0.0,0.0,0.0,1.0,0.0,0.0,1.0
1.0,2.7586870918647336e-16,0.0,-0.4869182408733338,1.0,0.0,0.0,0.0,0.0,0.0,1.0,0.0,0.0,1.0
0.5,1.8728332454151075,0.125,-0.1990652735966823,0.0,0.0,0.0,0.0,0.0,0.0,1.0,0.0,0.0,1.0
0.0,-0.2237204939083484,0.0,3.445622171014489,1.0,0.0,0.0,1.0,0.0,0.0,0.0,1.0,0.0,0.0
1.0,-0.379020770895271,0.0,-0.4911081812937436,1.0,0.0,0.0,0.0,0.0,0.0,1.0,0.0,0.0,1.0
0.5,0.0092299215720355,0.0,-0.392417392674198,0.0,0.0,0.0,0.0,0.0,0.0,1.0,0.0,0.0,1.0
1.0,2.7586870918647336e-16,0.375,-0.1513711063838315,0.0,0.0,0.0,0.0,0.0,0.0,1.0,0.0,0.0,1.0
1.0,-0.9225717403495004,0.0,-0.4914291458114123,0.0,0.0,0.0,0.0,0.0,0.0,1.0,0.0,1.0,0.0
1.0,-1.1555221558298845,0.125,-0.5039970335514509,1.0,0.0,0.0,0.0,0.0,0.0,1.0,1.0,0.0,0.0
1.0,-0.611971186375655,0.0,-0.5035948611437696,1.0,0.0,0.0,0.0,0.0,0.0,1.0,0.0,0.0,1.0
1.0,2.7586870918647336e-16,0.0,-0.5039970335514509,1.0,0.0,0.0,0.0,0.0,0.0,1.0,1.0,0.0,0.0
1.0,0.7080811680131874,0.0,-0.384360409872238,1.0,0.0,0.0,0.0,0.0,0.0,1.0,1.0,0.0,0.0
0.0,2.4163842148693364,0.0,0.0039544514347091,1.0,0.0,1.0,0.0,0.0,0.0,0.0,0.0,0.0,1.0
1.0,-0.3013706324018097,0.0,-0.4911081812937436,1.0,0.0,0.0,0.0,0.0,0.0,1.0,0.0,0.0,1.0
1.0,-0.6896213248691163,0.0,-0.4930417024845188,1.0,0.0,0.0,0.0,0.0,0.0,1.0,0.0,0.0,1.0
0.0,-1.0002218788429615,0.0,0.2669133333801305,1.0,0.0,0.0,0.0,0.0,0.0,1.0,0.0,0.0,1.0
1.0,2.7586870918647336e-16,0.375,-0.1513711063838315,0.0,0.0,0.0,0.0,0.0,0.0,1.0,0.0,0.0,1.0
0.0,1.329282275960878,0.0,0.3616558717281132,1.0,0.0,0.0,1.0,0.0,0.0,0.0,0.0,0.0,1.0
0.0,0.4751307525328035,0.0,1.978723449772673,0.0,0.0,0.0,1.0,0.0,0.0,0.0,1.0,0.0,0.0
0.0,1.7175329684281846,0.125,1.1640671658998034,0.0,0.0,1.0,0.0,0.0,0.0,0.0,0.0,0.0,1.0
1.0,-1.9320235407644968,0.5,-0.036891183720416,1.0,0.0,0.0,0.0,0.0,0.0,1.0,0.0,0.0,1.0
0.0,-0.2237204939083484,0.125,0.3616558717281132,0.0,0.0,1.0,0.0,0.0,0.0,0.0,0.0,0.0,1.0
1.0,-1.4661227098037295,0.5,-0.0390663950600381,0.0,0.0,0.0,0.0,0.0,0.0,1.0,0.0,0.0,1.0
0.5,-0.611971186375655,0.0,-0.440755422443577,1.0,0.0,0.0,0.0,0.0,0.0,1.0,0.0,0.0,1.0
0.0,0.0092299215720355,0.0,-0.1072230170348623,1.0,0.0,0.0,1.0,0.0,0.0,0.0,1.0,0.0,0.0
0.5,0.2421803370524195,0.0,-0.4064354213073179,1.0,0.0,0.0,0.0,0.0,0.0,1.0,0.0,0.0,1.0
0.5,-0.146070355414887,0.125,-0.1797300616889307,0.0,0.0,0.0,0.0,0.0,0.0,1.0,1.0,0.0,0.0
1.0,-0.7672714633625777,0.0,-0.4905435931060373,1.0,0.0,0.0,0.0,0.0,0.0,1.0,0.0,0.0,1.0
0.0,-0.4566709093887323,0.0,0.8875736356189561,1.0,0.0,1.0,0.0,0.0,0.0,0.0,1.0,0.0,0.0
0.0,0.9410315834935714,0.0,0.1779713586044733,1.0,0.0,1.0,0.0,0.0,0.0,0.0,0.0,0.0,1.0
0.0,1.562232691441262,0.25,1.9403759239960288,1.0,0.0,0.0,0.0,0.0,0.0,1.0,0.0,0.0,1.0
1.0,2.7586870918647336e-16,0.0,-0.4911081812937436,1.0,0.0,0.0,0.0,0.0,0.0,1.0,1.0,0.0,0.0
1.0,2.7586870918647336e-16,0.125,-0.3440793629048191,0.0,0.0,0.0,0.0,0.0,0.0,1.0,0.0,1.0,0.0
1.0,-0.5343210478821937,0.0,-0.4911081812937436,1.0,0.0,0.0,0.0,0.0,0.0,1.0,0.0,0.0,1.0
1.0,-0.3013706324018097,0.0,-0.4911081812937436,1.0,0.0,0.0,0.0,0.0,0.0,1.0,0.0,0.0,1.0
0.5,-0.2237204939083484,0.125,-0.3758219802937749,0.0,0.0,0.0,0.0,0.0,0.0,1.0,1.0,0.0,0.0
0.5,-0.4566709093887323,0.0,-0.3827497867203223,1.0,0.0,0.0,0.0,0.0,0.0,1.0,0.0,0.0,1.0
0.0,1.8728332454151075,0.125,0.8695280823454514,0.0,0.0,0.0,0.0,1.0,0.0,0.0,1.0,0.0,0.0
1.0,-0.4566709093887323,0.125,-0.3373120387371061,0.0,0.0,0.0,0.0,0.0,0.0,1.0,0.0,0.0,1.0
0.5,-0.146070355414887,0.0,-0.3827497867203223,1.0,0.0,0.0,0.0,0.0,0.0,1.0,0.0,0.0,1.0
1.0,0.3586555447926115,0.0,-0.5193047208188177,1.0,0.0,0.0,0.0,0.0,0.0,1.0,1.0,0.0,0.0
0.5,2.4940343533627978,0.0,-0.4564652821186251,1.0,0.0,0.0,0.0,0.0,0.0,1.0,0.0,1.0,0.0
1.0,-0.8449216018560389,0.0,-0.4911081812937436,1.0,0.0,0.0,0.0,0.0,0.0,1.0,0.0,0.0,1.0
1.0,-0.611971186375655,0.0,0.123591075113922,0.0,0.0,0.0,0.0,0.0,0.0,1.0,0.0,0.0,1.0
1.0,-0.611971186375655,0.25,-0.4762838743240705,0.0,0.0,0.0,0.0,0.0,0.0,1.0,0.0,0.0,1.0
1.0,0.3974806140393422,0.0,-0.4939272551898938,0.0,0.0,0.0,0.0,0.0,0.0,1.0,0.0,1.0,0.0
0.5,2.7586870918647336e-16,0.0,-0.0057131545191666,0.0,0.0,0.0,0.0,0.0,0.0,1.0,0.0,0.0,1.0
0.0,1.795183106921646,0.0,-0.1131047884972004,0.0,0.0,0.0,0.0,0.0,0.0,1.0,1.0,0.0,0.0
1.0,0.0868800600654969,0.0,-0.4939272551898938,1.0,0.0,0.0,0.0,0.0,0.0,1.0,0.0,1.0,0.0
1.0,-1.0002218788429615,0.0,-0.4911081812937436,1.0,0.0,0.0,0.0,0.0,0.0,1.0,0.0,0.0,1.0
1.0,-0.146070355414887,0.0,0.4485831174229828,1.0,0.0,0.0,0.0,0.0,0.0,1.0,0.0,0.0,1.0
0.0,1.1739819989739555,0.125,1.956810854117618,1.0,0.0,0.0,0.0,0.0,1.0,0.0,1.0,0.0,0.0
1.0,-0.4566709093887323,0.0,-0.4634742964351851,1.0,0.0,0.0,0.0,0.0,0.0,1.0,0.0,0.0,1.0
0.0,2.6493346303497205,0.0,-0.1410596378734276,1.0,0.0,0.0,0.0,0.0,0.0,1.0,0.0,0.0,1.0
1.0,0.2421803370524195,0.0,-0.4600906343513286,1.0,0.0,0.0,0.0,0.0,0.0,1.0,0.0,0.0,1.0
0.0,0.2421803370524195,0.0,-0.1077876052225687,0.0,1.0,0.0,0.0,0.0,0.0,0.0,1.0,0.0,0.0
1.0,-0.0684202169214257,0.0,-0.4934438748922,1.0,0.0,0.0,0.0,0.0,0.0,1.0,0.0,0.0,1.0
0.0,-0.611971186375655,0.125,0.643949965581286,0.0,0.0,0.0,1.0,0.0,0.0,0.0,0.0,0.0,1.0
0.5,-2.2426240947383427,0.125,0.1601674954798156,0.0,0.0,0.0,0.0,0.0,0.0,1.0,1.0,0.0,0.0
1.0,0.0092299215720355,0.0,-0.4600906343513286,1.0,0.0,0.0,0.0,0.0,0.0,1.0,0.0,0.0,1.0
0.5,0.4751307525328035,0.0,0.1102981169273428,0.0,0.0,0.0,0.0,0.0,0.0,0.0,0.0,0.0,1.0
0.0,2.7586870918647336e-16,0.0,0.0426248752502123,1.0,0.0,0.0,1.0,0.0,0.0,0.0,0.0,0.0,1.0
0.5,-0.2237204939083484,0.125,-0.2377356974121854,0.0,0.0,0.0,0.0,0.0,0.0,1.0,0.0,0.0,1.0
1.0,0.0092299215720355,0.0,-0.4881266916175683,1.0,0.0,0.0,0.0,0.0,0.0,1.0,0.0,0.0,1.0
0.0,2.7586870918647336e-16,0.125,1.0790734413957093,0.0,0.0,0.0,1.0,0.0,0.0,0.0,1.0,0.0,0.0
1.0,0.0868800600654969,0.0,-0.4919125261091061,0.0,0.0,0.0,0.0,0.0,0.0,1.0,0.0,0.0,1.0
1.0,-0.4566709093887323,0.0,-0.4881266916175683,1.0,0.0,0.0,0.0,0.0,0.0,1.0,0.0,0.0,1.0
0.0,1.2516321374674166,0.125,0.5390564409817339,1.0,0.0,0.0,0.0,0.0,1.0,0.0,0.0,0.0,1.0
0.0,-2.249092351274848,0.125,2.2864762171447826,1.0,0.0,0.0,1.0,0.0,0.0,0.0,0.0,0.0,1.0
1.0,-0.2237204939083484,0.125,-0.3643001275179457,1.0,0.0,0.0,0.0,0.0,0.0,1.0,1.0,0.0,0.0
1.0,0.1645301985589582,0.0,-0.4820844378963959,1.0,0.0,0.0,0.0,0.0,0.0,1.0,0.0,0.0,1.0
1.0,-1.6214229867906522,0.125,-0.3489943737717696,0.0,0.0,0.0,0.0,0.0,0.0,1.0,1.0,0.0,0.0
0.5,0.9410315834935714,0.0,-0.392417392674198,1.0,0.0,0.0,0.0,0.0,0.0,1.0,0.0,0.0,1.0
0.0,2.7586870918647336e-16,0.0,-0.6437751474749684,1.0,0.0,0.0,0.0,0.0,0.0,1.0,0.0,0.0,1.0
0.5,-0.4566709093887323,0.125,0.6130136265288837,0.0,0.0,0.0,0.0,0.0,0.0,1.0,0.0,0.0,1.0
1.0,2.7586870918647336e-16,0.125,-0.3324782357601681,0.0,0.0,0.0,0.0,0.0,0.0,1.0,0.0,0.0,1.0
0.0,-0.4566709093887323,0.0,0.6961550377322153,0.0,0.0,1.0,0.0,0.0,0.0,0.0,1.0,0.0,0.0
0.5,-0.4566709093887323,0.0,-0.392417392674198,0.0,0.0,0.0,0.0,0.0,0.0,1.0,0.0,0.0,1.0
0.5,0.3198304755458808,0.0,-0.440755422443577,0.0,0.0,0.0,0.0,0.0,0.0,0.0,0.0,0.0,1.0
0.0,2.7586870918647336e-16,0.0,3.755468941836208,1.0,0.0,0.0,0.0,0.0,0.0,1.0,1.0,0.0,0.0
0.0,0.0868800600654969,0.0,2.543957433556738,0.0,0.0,0.0,1.0,0.0,0.0,0.0,0.0,0.0,1.0
1.0,2.7586870918647336e-16,0.0,-0.4911081812937436,1.0,0.0,0.0,0.0,0.0,0.0,1.0,0.0,0.0,1.0
1.0,-0.611971186375655,0.0,-0.5060117626322386,1.0,0.0,0.0,0.0,0.0,0.0,1.0,0.0,0.0,1.0
1.0,-0.6896213248691163,0.0,-0.4881266916175683,1.0,0.0,0.0,0.0,0.0,0.0,1.0,0.0,0.0,1.0
0.0,1.562232691441262,0.125,3.445622171014489,0.0,0.0,0.0,1.0,0.0,0.0,0.0,1.0,0.0,0.0
1.0,-0.7672714633625777,0.0,-0.4762838743240705,1.0,0.0,0.0,0.0,0.0,0.0,1.0,0.0,0.0,1.0
0.5,-0.6896213248691163,0.0,-0.4214202105358254,1.0,0.0,0.0,0.0,0.0,0.0,1.0,0.0,0.0,1.0
1.0,2.7586870918647336e-16,0.0,-0.4977942975714441,1.0,0.0,0.0,0.0,0.0,0.0,1.0,0.0,0.0,1.0
1.0,2.7586870918647336e-16,0.0,-0.4939272551898938,0.0,0.0,0.0,0.0,0.0,0.0,1.0,0.0,1.0,0.0
0.0,0.4751307525328035,0.0,-0.135500764449949,1.0,0.0,0.0,0.0,0.0,1.0,0.0,0.0,0.0,1.0
0.5,-1.0002218788429615,0.0,-0.440755422443577,0.0,0.0,0.0,0.0,0.0,0.0,1.0,0.0,0.0,1.0
0.0,1.4845825529478007,0.125,1.0790734413957093,1.0,0.0,0.0,1.0,0.0,0.0,0.0,1.0,0.0,0.0
1.0,-0.6896213248691163,0.0,-0.4919125261091061,1.0,0.0,0.0,0.0,0.0,0.0,1.0,0.0,0.0,1.0
0.0,2.7586870918647336e-16,0.0,-0.6437751474749684,1.0,0.0,0.0,0.0,0.0,0.0,1.0,0.0,0.0,1.0
0.0,0.7080811680131874,0.125,0.964108204913409,0.0,0.0,0.0,0.0,0.0,1.0,0.0,1.0,0.0,0.0
1.0,-2.2426240947383427,0.625,0.2630462909985802,1.0,0.0,0.0,0.0,0.0,0.0,1.0,0.0,0.0,1.0
0.5,-0.3013706324018097,0.0,-0.440755422443577,1.0,0.0,0.0,0.0,0.0,0.0,1.0,0.0,0.0,1.0
0.5,0.0092299215720355,0.0,-0.392417392674198,1.0,0.0,0.0,0.0,0.0,0.0,1.0,0.0,0.0,1.0
1.0,2.7586870918647336e-16,0.0,-0.4881266916175683,0.0,0.0,0.0,0.0,0.0,0.0,1.0,0.0,0.0,1.0
0.0,0.0868800600654969,0.0,-0.0919965376575079,1.0,0.0,0.0,1.0,0.0,0.0,0.0,1.0,0.0,0.0
0.0,-1.0002218788429615,0.125,1.4618294292791778,0.0,0.0,0.0,1.0,0.0,0.0,0.0,1.0,0.0,0.0
1.0,2.7586870918647336e-16,0.125,-0.1903644282381941,1.0,0.0,0.0,0.0,0.0,0.0,1.0,0.0,0.0,1.0
1.0,-1.194347225076615,0.125,-0.3643001275179457,0.0,0.0,0.0,0.0,0.0,0.0,1.0,1.0,0.0,0.0
0.5,0.9410315834935714,0.125,-0.121724425965676,1.0,0.0,0.0,0.0,0.0,0.0,1.0,0.0,0.0,1.0
1.0,2.7586870918647336e-16,0.0,-0.3642208531491239,1.0,0.0,0.0,0.0,0.0,0.0,1.0,1.0,0.0,0.0
1.0,-0.611971186375655,0.0,-0.4911081812937436,1.0,0.0,0.0,0.0,0.0,0.0,1.0,0.0,0.0,1.0
1.0,0.3974806140393422,0.0,-0.4881266916175683,1.0,0.0,0.0,0.0,0.0,0.0,1.0,0.0,0.0,1.0
1.0,-0.3013706324018097,0.0,-0.4919125261091061,0.0,0.0,0.0,0.0,0.0,0.0,1.0,0.0,0.0,1.0
1.0,-0.611971186375655,0.0,-0.4881266916175683,1.0,0.0,0.0,0.0,0.0,0.0,1.0,0.0,0.0,1.0
1.0,-0.611971186375655,0.0,-0.4535650003324624,0.0,0.0,0.0,0.0,0.0,0.0,1.0,0.0,0.0,1.0
0.5,2.7586870918647336e-16,0.0,-0.6437751474749684,1.0,0.0,0.0,0.0,0.0,0.0,1.0,0.0,0.0,1.0
0.0,2.1834337993889528,0.0,-0.0695193538147468,1.0,0.0,1.0,0.0,0.0,0.0,0.0,1.0,0.0,0.0
0.0,-0.9225717403495004,0.125,0.38292460482664,0.0,0.0,0.0,0.0,1.0,0.0,0.0,0.0,0.0,1.0
1.0,0.4751307525328035,0.0,-0.4600906343513286,1.0,0.0,0.0,0.0,0.0,0.0,1.0,0.0,0.0,1.0
0.0,1.1739819989739555,0.0,0.5812710091399279,0.0,0.0,0.0,0.0,1.0,0.0,0.0,1.0,0.0,0.0
1.0,-0.146070355414887,0.0,-0.4600906343513286,1.0,0.0,0.0,0.0,0.0,0.0,1.0,0.0,0.0,1.0
0.0,1.8728332454151075,0.125,0.938972429433332,0.0,1.0,0.0,0.0,0.0,0.0,0.0,0.0,0.0,1.0
1.0,2.7586870918647336e-16,0.375,-0.1513711063838315,0.0,0.0,0.0,0.0,0.0,0.0,1.0,0.0,0.0,1.0
1.0,-0.611971186375655,0.0,-0.4939272551898938,0.0,0.0,0.0,0.0,0.0,0.0,1.0,0.0,0.0,1.0
1.0,-0.8449216018560389,0.0,-0.4911081812937436,1.0,0.0,0.0,0.0,0.0,0.0,1.0,0.0,0.0,1.0
0.0,1.7175329684281846,0.125,0.8962744809774443,1.0,0.0,0.0,0.0,0.0,1.0,0.0,0.0,0.0,1.0
1.0,-0.495495978635463,0.0,-0.5039970335514509,1.0,0.0,0.0,0.0,0.0,0.0,1.0,1.0,0.0,0.0
0.0,0.5527808910262648,0.0,-0.0695193538147468,1.0,0.0,0.0,1.0,0.0,0.0,0.0,1.0,0.0,0.0
1.0,-1.0002218788429615,0.0,-0.4942501532287532,0.0,0.0,0.0,0.0,0.0,0.0,1.0,0.0,1.0,0.0
1.0,0.0092299215720355,0.0,-0.4762838743240705,0.0,0.0,0.0,0.0,0.0,0.0,1.0,0.0,0.0,1.0
0.0,-0.5343210478821937,0.0,0.964108204913409,0.0,0.0,0.0,1.0,0.0,0.0,0.0,1.0,0.0,0.0
1.0,0.5139558217795341,0.125,-0.3073424602800911,1.0,0.0,0.0,0.0,0.0,0.0,1.0,0.0,0.0,1.0
1.0,-1.0002218788429615,0.0,-0.4762838743240705,1.0,0.0,0.0,0.0,0.0,0.0,1.0,0.0,0.0,1.0
1.0,2.7586870918647336e-16,0.0,-0.4881266916175683,1.0,0.0,0.0,0.0,0.0,0.0,1.0,0.0,0.0,1.0
1.0,0.5527808910262648,0.0,-0.4939272551898938,0.0,0.0,0.0,0.0,0.0,0.0,1.0,0.0,1.0,0.0
0.0,-0.379020770895271,0.0,-0.1410596378734276,1.0,0.0,0.0,0.0,0.0,0.0,1.0,1.0,0.0,0.0
1.0,-0.3013706324018097,0.0,-0.2805148537580858,1.0,0.0,0.0,0.0,0.0,0.0,1.0,1.0,0.0,0.0
0.0,0.4751307525328035,0.125,1.67645028145522,1.0,0.0,1.0,0.0,0.0,0.0,0.0,0.0,0.0,1.0
0.0,0.7857313065066488,0.0,-0.6437751474749684,1.0,0.0,1.0,0.0,0.0,0.0,0.0,0.0,0.0,1.0
1.0,-0.7672714633625777,0.0,-0.4919125261091061,1.0,0.0,0.0,0.0,0.0,0.0,1.0,0.0,0.0,1.0
1.0,2.7586870918647336e-16,0.0,-0.4939272551898938,1.0,0.0,0.0,0.0,0.0,0.0,1.0,0.0,1.0,0.0
1.0,0.7080811680131874,0.125,-0.0390663950600381,0.0,0.0,0.0,0.0,0.0,0.0,1.0,0.0,0.0,1.0
1.0,2.7586870918647336e-16,0.375,-0.1513711063838315,1.0,0.0,0.0,0.0,0.0,0.0,1.0,0.0,0.0,1.0
0.5,-0.8449216018560389,0.0,-0.1410596378734276,0.0,0.0,0.0,0.0,0.0,0.0,1.0,0.0,0.0,1.0
1.0,-2.0096736792579586,0.375,-0.1043227352486996,1.0,0.0,0.0,0.0,0.0,0.0,1.0,0.0,0.0,1.0
0.0,2.726984768843182,0.0,0.5546058183979476,1.0,0.0,1.0,0.0,0.0,0.0,0.0,1.0,0.0,0.0
1.0,-0.6896213248691163,0.0,-0.4762838743240705,1.0,0.0,0.0,0.0,0.0,0.0,1.0,0.0,0.0,1.0
1.0,-0.4566709093887323,0.0,-0.3208771086155172,0.0,0.0,0.0,0.0,0.0,0.0,0.0,0.0,0.0,1.0
0.0,1.6398828299347232,0.0,0.5430046912532968,1.0,0.0,0.0,0.0,0.0,0.0,1.0,1.0,0.0,0.0
1.0,2.7586870918647336e-16,0.0,-0.3634145748125707,1.0,0.0,0.0,0.0,0.0,0.0,1.0,0.0,0.0,1.0
0.0,-0.6896213248691163,0.25,4.42930107682135,0.0,0.0,1.0,0.0,0.0,0.0,0.0,1.0,0.0,0.0
0.0,1.562232691441262,0.0,-0.0886128755736515,0.0,0.0,0.0,1.0,0.0,0.0,0.0,1.0,0.0,0.0
1.0,2.7586870918647336e-16,0.125,-0.3324782357601681,1.0,0.0,0.0,0.0,0.0,0.0,1.0,0.0,0.0,1.0
1.0,-0.146070355414887,0.0,-0.4911081812937436,1.0,0.0,0.0,0.0,0.0,0.0,1.0,0.0,0.0,1.0
1.0,-1.9320235407644968,0.25,-0.2714118359919164,0.0,0.0,0.0,0.0,0.0,0.0,1.0,1.0,0.0,0.0
0.5,-0.146070355414887,0.125,-0.1410596378734276,0.0,0.0,0.0,0.0,0.0,0.0,1.0,0.0,0.0,1.0
0.5,-0.146070355414887,0.0,-0.0057131545191666,1.0,0.0,0.0,0.0,0.0,0.0,1.0,0.0,0.0,1.0
1.0,1.329282275960878,0.0,-0.4697582403052043,1.0,0.0,0.0,0.0,0.0,0.0,1.0,0.0,0.0,1.0
1.0,2.7586870918647336e-16,0.0,-0.4911081812937436,1.0,0.0,0.0,0.0,0.0,0.0,1.0,0.0,0.0,1.0
1.0,2.7586870918647336e-16,0.125,-0.3324782357601681,1.0,0.0,0.0,0.0,0.0,0.0,1.0,0.0,0.0,1.0
1.0,-0.9225717403495004,0.0,-0.4881266916175683,1.0,0.0,0.0,0.0,0.0,0.0,1.0,0.0,0.0,1.0
0.5,1.1739819989739555,0.125,-0.1362258348964897,0.0,0.0,0.0,0.0,0.0,0.0,1.0,0.0,0.0,1.0
0.5,-2.2426240947383427,0.25,0.1102981169273428,1.0,0.0,0.0,0.0,0.0,0.0,0.0,0.0,0.0,1.0
0.5,1.950483383908569,0.0,-0.3344117569509433,0.0,0.0,0.0,0.0,0.0,0.0,1.0,0.0,0.0,1.0
1.0,-0.8449216018560389,0.125,-0.4919125261091061,0.0,0.0,0.0,0.0,0.0,0.0,1.0,0.0,0.0,1.0
1.0,-1.5437728482971909,0.375,-0.1043227352486996,1.0,0.0,0.0,0.0,0.0,0.0,1.0,0.0,0.0,1.0
0.0,0.7080811680131874,0.125,0.734502563508859,1.0,0.0,0.0,1.0,0.0,0.0,0.0,1.0,0.0,0.0
0.0,1.8728332454151075,0.125,0.5047364398454749,0.0,0.0,0.0,0.0,0.0,0.0,1.0,1.0,0.0,0.0
1.0,-1.1555221558298845,0.0,-0.5040782414414634,0.0,0.0,0.0,0.0,0.0,0.0,1.0,1.0,0.0,0.0
1.0,2.7586870918647336e-16,0.0,-0.5039970335514509,1.0,0.0,0.0,0.0,0.0,0.0,1.0,1.0,0.0,0.0
0.5,1.096331860480494,0.125,-0.1410596378734276,0.0,0.0,0.0,0.0,0.0,0.0,1.0,0.0,0.0,1.0
1.0,0.1645301985589582,0.0,-0.4905435931060373,1.0,0.0,0.0,0.0,0.0,0.0,1.0,0.0,0.0,1.0
0.0,0.7080811680131874,0.125,0.4370631981683443,0.0,0.0,0.0,0.0,0.0,1.0,0.0,0.0,0.0,1.0
1.0,-0.8837466711027696,0.0,-0.5039970335514509,1.0,0.0,0.0,0.0,0.0,0.0,1.0,1.0,0.0,0.0
0.5,-0.5343210478821937,0.25,-0.4214202105358254,1.0,0.0,0.0,0.0,0.0,0.0,1.0,0.0,0.0,1.0
0.5,2.7586870918647336e-16,0.0,-0.3527802082633073,1.0,0.0,0.0,0.0,0.0,0.0,1.0,1.0,0.0,0.0
1.0,-0.8449216018560389,0.125,-0.3394060421867155,0.0,0.0,0.0,0.0,0.0,0.0,1.0,1.0,0.0,0.0
1.0,-0.0684202169214257,0.125,-0.4414804928901177,0.0,0.0,0.0,0.0,0.0,0.0,0.0,0.0,0.0,1.0
1.0,2.7586870918647336e-16,0.0,-0.4939272551898938,1.0,0.0,0.0,0.0,0.0,0.0,1.0,0.0,1.0,0.0
1.0,2.7586870918647336e-16,0.0,-0.4911081812937436,1.0,0.0,0.0,0.0,0.0,0.0,1.0,0.0,0.0,1.0
0.5,0.3198304755458808,0.125,-0.2377356974121854,1.0,0.0,0.0,0.0,0.0,0.0,1.0,0.0,0.0,1.0
1.0,0.0868800600654969,0.125,-0.2957413331354402,0.0,0.0,0.0,0.0,0.0,0.0,1.0,0.0,0.0,1.0
0.5,-0.5343210478821937,0.0,-0.392417392674198,1.0,0.0,0.0,0.0,0.0,0.0,1.0,0.0,0.0,1.0
0.5,-0.3013706324018097,0.125,-0.1410596378734276,0.0,0.0,0.0,0.0,0.0,0.0,1.0,0.0,0.0,1.0
0.0,2.1834337993889528,0.0,1.546420981375591,1.0,0.0,0.0,0.0,1.0,0.0,0.0,1.0,0.0,0.0
1.0,-2.262036629361708,0.25,-0.2714118359919164,0.0,0.0,0.0,0.0,0.0,0.0,1.0,1.0,0.0,0.0
1.0,-1.6214229867906522,0.25,0.0208727618539917,0.0,0.0,0.0,0.0,0.0,0.0,1.0,0.0,0.0,1.0
0.0,-0.0684202169214257,0.0,3.644372681256649,0.0,0.0,0.0,1.0,0.0,0.0,0.0,0.0,0.0,1.0
1.0,-1.0002218788429615,0.0,-0.3324782357601681,0.0,0.0,0.0,0.0,0.0,0.0,1.0,0.0,0.0,1.0
1.0,2.7586870918647336e-16,0.0,-0.4939272551898938,1.0,0.0,0.0,0.0,0.0,0.0,1.0,0.0,1.0,0.0
1.0,1.0186817219870328,0.0,-0.4911081812937436,1.0,0.0,0.0,0.0,0.0,0.0,1.0,0.0,0.0,1.0
1.0,-0.6896213248691163,0.0,-0.4939272551898938,1.0,0.0,0.0,0.0,0.0,0.0,1.0,0.0,1.0,0.0
1.0,1.1739819989739555,0.125,-0.370988177316837,0.0,0.0,0.0,0.0,0.0,0.0,1.0,0.0,0.0,1.0
1.0,2.7586870918647336e-16,0.125,0.7009888407091532,0.0,0.0,0.0,0.0,0.0,0.0,1.0,0.0,0.0,1.0
0.0,2.7586870918647336e-16,0.0,-0.1425097787665089,1.0,0.0,0.0,0.0,0.0,0.0,1.0,0.0,0.0,1.0
0.0,2.7586870918647336e-16,0.0,-0.1077876052225687,1.0,0.0,0.0,0.0,0.0,0.0,1.0,1.0,0.0,0.0
1.0,-0.611971186375655,0.0,-0.4934438748922,0.0,0.0,0.0,0.0,0.0,0.0,1.0,0.0,0.0,1.0
1.0,-0.5343210478821937,0.0,-0.4919125261091061,0.0,0.0,0.0,0.0,0.0,0.0,1.0,0.0,0.0,1.0
0.5,-0.2237204939083484,0.0,-0.392417392674198,1.0,0.0,0.0,0.0,0.0,0.0,1.0,0.0,0.0,1.0
0.0,0.0092299215720355,0.0,1.0287206825455424,0.0,0.0,1.0,0.0,0.0,0.0,0.0,0.0,0.0,1.0
1.0,-0.4566709093887323,0.0,-0.4600906343513286,1.0,0.0,0.0,0.0,0.0,0.0,1.0,0.0,0.0,1.0
1.0,-0.611971186375655,0.0,-0.4404325244047175,0.0,0.0,0.0,0.0,0.0,0.0,1.0,0.0,0.0,1.0
1.0,-0.0684202169214257,0.0,-0.4905435931060373,1.0,0.0,0.0,0.0,0.0,0.0,1.0,0.0,0.0,1.0
1.0,0.3198304755458808,0.0,-0.4881266916175683,1.0,0.0,0.0,0.0,0.0,0.0,1.0,0.0,0.0,1.0
1.0,2.7586870918647336e-16,0.0,-0.4977942975714441,1.0,0.0,0.0,0.0,0.0,0.0,1.0,0.0,0.0,1.0
0.5,-1.1555221558298845,0.0,0.1102981169273428,0.0,0.0,0.0,0.0,0.0,0.0,1.0,0.0,0.0,1.0
1.0,-0.2237204939083484,0.0,-0.4911081812937436,1.0,0.0,0.0,0.0,0.0,0.0,1.0,0.0,0.0,1.0
1.0,-0.9225717403495004,0.0,-0.3643001275179457,0.0,0.0,0.0,0.0,0.0,0.0,1.0,1.0,0.0,0.0
0.0,-0.9225717403495004,0.0,0.8962744809774443,0.0,0.0,0.0,0.0,0.0,1.0,0.0,0.0,0.0,1.0
1.0,-0.0684202169214257,0.0,-0.460413532390188,1.0,0.0,0.0,0.0,0.0,0.0,1.0,0.0,0.0,1.0
1.0,-0.3013706324018097,0.125,-0.3643001275179457,1.0,0.0,0.0,0.0,0.0,0.0,1.0,1.0,0.0,0.0
0.0,2.7586870918647336e-16,0.125,0.3616558717281132,0.0,0.0,0.0,1.0,0.0,0.0,0.0,0.0,0.0,1.0
1.0,2.7586870918647336e-16,0.0,-0.1513711063838315,0.0,0.0,0.0,0.0,0.0,0.0,1.0,0.0,0.0,1.0
0.5,0.7857313065066488,0.0,-0.3392455599278812,0.0,0.0,0.0,0.0,0.0,0.0,1.0,0.0,0.0,1.0
0.5,-0.5343210478821937,0.0,-0.3528614161533199,1.0,0.0,0.0,0.0,0.0,0.0,1.0,1.0,0.0,0.0
1.0,-0.8449216018560389,0.0,-0.4934438748922,1.0,0.0,0.0,0.0,0.0,0.0,1.0,0.0,0.0,1.0
0.0,2.1057836608954914,0.125,2.543957433556738,1.0,0.0,0.0,0.0,0.0,0.0,1.0,0.0,0.0,1.0
0.5,0.4751307525328035,0.0,-0.440755422443577,1.0,0.0,0.0,0.0,0.0,0.0,1.0,0.0,0.0,1.0
0.5,-0.6896213248691163,0.125,-0.4214202105358254,1.0,0.0,0.0,0.0,0.0,0.0,1.0,0.0,0.0,1.0
0.5,3.115235461310488,0.0,-0.440755422443577,1.0,0.0,0.0,0.0,0.0,0.0,1.0,0.0,0.0,1.0
1.0,-2.2426240947383427,0.125,-0.428510432742398,0.0,0.0,0.0,0.0,0.0,0.0,1.0,0.0,0.0,1.0
1.0,-2.2426240947383427,0.125,-0.2459531624729799,1.0,0.0,0.0,0.0,0.0,0.0,1.0,0.0,0.0,1.0
1.0,0.7080811680131874,0.0,-0.0806371006617039,0.0,0.0,0.0,0.0,0.0,0.0,1.0,0.0,1.0,0.0
1.0,-0.9225717403495004,0.0,-0.5039970335514509,0.0,0.0,0.0,0.0,0.0,0.0,1.0,1.0,0.0,0.0
1.0,-0.611971186375655,0.125,-0.5035948611437696,1.0,0.0,0.0,0.0,0.0,0.0,1.0,0.0,0.0,1.0
1.0,0.6692560987664569,0.0,-0.5035948611437696,1.0,0.0,0.0,0.0,0.0,0.0,1.0,0.0,0.0,1.0
0.0,0.3974806140393422,0.0,9.262218501053868,0.0,0.0,0.0,0.0,0.0,0.0,1.0,1.0,0.0,0.0
0.5,-0.4566709093887323,0.0,-0.392417392674198,1.0,0.0,0.0,0.0,0.0,0.0,1.0,0.0,0.0,1.0
0.0,2.02813352240203,0.0,0.0426248752502123,1.0,1.0,0.0,0.0,0.0,0.0,0.0,1.0,0.0,0.0
0.5,0.0092299215720355,0.0,-0.392417392674198,1.0,0.0,0.0,0.0,0.0,0.0,1.0,0.0,0.0,1.0
1.0,1.329282275960878,0.0,-0.5035948611437696,1.0,0.0,0.0,0.0,0.0,0.0,1.0,0.0,0.0,1.0
0.5,-2.249092351274848,0.125,-0.1072230170348623,0.0,0.0,0.0,0.0,0.0,0.0,1.0,0.0,0.0,1.0
1.0,-0.6896213248691163,0.0,-0.3324782357601681,1.0,0.0,0.0,0.0,0.0,0.0,1.0,0.0,0.0,1.0
1.0,2.7586870918647336e-16,0.0,-0.4939272551898938,1.0,0.0,0.0,0.0,0.0,0.0,1.0,0.0,1.0,0.0
0.5,2.7586870918647336e-16,0.0,-0.4049852804142365,0.0,0.0,0.0,0.0,0.0,1.0,0.0,0.0,1.0,0.0
0.0,1.4069324144543394,0.125,0.8398001940372836,1.0,0.0,0.0,0.0,1.0,0.0,0.0,1.0,0.0,0.0
1.0,-0.611971186375655,0.0,-0.4881266916175683,1.0,0.0,0.0,0.0,0.0,0.0,1.0,0.0,0.0,1.0
0.5,-0.9225717403495004,0.0,0.777362927744772,1.0,0.0,0.0,0.0,0.0,0.0,1.0,0.0,0.0,1.0
1.0,0.6304310295197262,0.0,-0.50746190352532,1.0,0.0,0.0,0.0,0.0,0.0,1.0,0.0,0.0,1.0
0.5,-0.0684202169214257,0.125,-0.1410596378734276,0.0,0.0,0.0,0.0,0.0,0.0,1.0,0.0,0.0,1.0
1.0,-0.3013706324018097,0.0,-0.4881266916175683,1.0,0.0,0.0,0.0,0.0,0.0,1.0,0.0,0.0,1.0
0.5,-0.379020770895271,0.0,-0.440755422443577,1.0,0.0,0.0,0.0,0.0,0.0,1.0,0.0,0.0,1.0
1.0,2.7586870918647336e-16,1.0,0.7009888407091532,1.0,0.0,0.0,0.0,0.0,0.0,1.0,0.0,0.0,1.0
1.0,-0.7672714633625777,0.125,-0.3394060421867155,1.0,0.0,0.0,0.0,0.0,0.0,1.0,1.0,0.0,0.0
1.0,2.7586870918647336e-16,0.0,-0.4939272551898938,1.0,0.0,0.0,0.0,0.0,0.0,1.0,0.0,1.0,0.0
1.0,2.7586870918647336e-16,0.125,-0.2577147718764652,1.0,0.0,0.0,0.0,0.0,0.0,1.0,0.0,0.0,1.0
0.0,1.8728332454151075,0.125,0.4282018705510217,1.0,0.0,0.0,1.0,0.0,0.0,0.0,1.0,0.0,0.0
1.0,0.4751307525328035,0.0,-0.4911081812937436,1.0,0.0,0.0,0.0,0.0,0.0,1.0,0.0,0.0,1.0
1.0,0.0092299215720355,0.0,-0.5093954247160951,0.0,0.0,0.0,0.0,0.0,0.0,1.0,0.0,1.0,0.0
0.5,0.0868800600654969,0.0,-0.2377356974121854,0.0,0.0,0.0,0.0,0.0,0.0,1.0,0.0,0.0,1.0
1.0,2.571684491856259,0.0,-0.4583988033094003,0.0,0.0,0.0,0.0,0.0,0.0,1.0,0.0,0.0,1.0
1.0,-1.0002218788429615,0.125,-0.5039970335514509,1.0,0.0,0.0,0.0,0.0,0.0,1.0,1.0,0.0,0.0
0.0,1.1739819989739555,0.0,0.0426248752502123,1.0,0.0,0.0,0.0,0.0,0.0,0.0,0.0,0.0,1.0
0.5,-0.4566709093887323,0.125,-0.1410596378734276,0.0,0.0,0.0,0.0,0.0,0.0,1.0,0.0,0.0,1.0
1.0,0.0480549908187662,0.0,-0.4939272551898938,0.0,0.0,0.0,0.0,0.0,0.0,1.0,0.0,1.0,0.0
1.0,1.096331860480494,0.0,-0.4905435931060373,1.0,0.0,0.0,0.0,0.0,0.0,1.0,0.0,0.0,1.0
1.0,-2.2426240947383427,0.5,0.123591075113922,1.0,0.0,0.0,0.0,0.0,0.0,1.0,0.0,0.0,1.0
1.0,-0.7672714633625777,0.125,-0.4905435931060373,1.0,0.0,0.0,0.0,0.0,0.0,1.0,0.0,0.0,1.0
1.0,-0.2237204939083484,0.0,-0.428510432742398,0.0,0.0,0.0,0.0,0.0,0.0,1.0,0.0,0.0,1.0
1.0,-0.611971186375655,0.0,-0.4911081812937436,1.0,0.0,0.0,0.0,0.0,0.0,1.0,0.0,0.0,1.0
1.0,-1.077872017336423,0.0,-0.4939272551898938,0.0,0.0,0.0,0.0,0.0,0.0,1.0,0.0,1.0,0.0
0.5,0.1645301985589582,0.0,-0.440755422443577,1.0,0.0,0.0,0.0,0.0,0.0,1.0,0.0,0.0,1.0
1.0,2.7586870918647336e-16,0.0,-0.4762838743240705,1.0,0.0,0.0,0.0,0.0,0.0,1.0,0.0,0.0,1.0
1.0,2.7586870918647336e-16,0.25,-0.1942314706197444,0.0,0.0,0.0,0.0,0.0,0.0,1.0,0.0,1.0,0.0
1.0,0.0868800600654969,0.0,-0.4942501532287532,1.0,0.0,0.0,0.0,0.0,0.0,1.0,0.0,1.0,0.0
0.0,-0.6896213248691163,0.0,0.850595042845381,1.0,0.0,0.0,0.0,1.0,0.0,0.0,0.0,0.0,1.0
1.0,2.7586870918647336e-16,0.0,-0.4939272551898938,0.0,0.0,0.0,0.0,0.0,0.0,1.0,0.0,1.0,0.0
1.0,2.7586870918647336e-16,0.0,-0.5040782414414634,1.0,0.0,0.0,0.0,0.0,0.0,1.0,1.0,0.0,0.0
0.0,1.329282275960878,0.125,0.5390564409817339,0.0,0.0,0.0,0.0,0.0,1.0,0.0,0.0,0.0,1.0
1.0,2.7586870918647336e-16,0.125,-0.3440793629048191,0.0,0.0,0.0,0.0,0.0,0.0,1.0,0.0,1.0,0.0
1.0,-1.6214229867906522,0.5,-0.0390663950600381,0.0,0.0,0.0,0.0,0.0,0.0,1.0,0.0,0.0,1.0
0.0,1.6398828299347232,0.125,0.8635651029931007,0.0,0.0,0.0,0.0,1.0,0.0,0.0,0.0,0.0,1.0
0.0,-0.611971186375655,0.0,0.5047364398454749,0.0,0.0,0.0,0.0,0.0,0.0,1.0,1.0,0.0,0.0
1.0,2.7586870918647336e-16,0.0,-0.5035948611437696,1.0,0.0,0.0,0.0,0.0,0.0,1.0,0.0,0.0,1.0
0.5,-2.08732381775142,0.125,0.1601674954798156,0.0,0.0,0.0,0.0,0.0,0.0,1.0,1.0,0.0,0.0
1.0,2.7586870918647336e-16,0.0,-0.4881266916175683,1.0,0.0,0.0,0.0,0.0,0.0,1.0,0.0,0.0,1.0
0.5,2.1057836608954914,0.0,-0.4049852804142365,1.0,0.0,0.0,0.0,0.0,0.0,1.0,0.0,1.0,0.0
0.0,1.329282275960878,0.125,3.755468941836208,1.0,0.0,0.0,1.0,0.0,0.0,0.0,1.0,0.0,0.0
0.5,2.1057836608954914,0.0,-0.440755422443577,0.0,0.0,0.0,0.0,0.0,1.0,0.0,0.0,0.0,1.0
0.0,2.338734076375875,0.125,0.8875736356189561,1.0,0.0,1.0,0.0,0.0,0.0,0.0,1.0,0.0,0.0
0.0,-0.5343210478821937,0.125,0.9468689299764578,0.0,0.0,1.0,0.0,0.0,0.0,0.0,0.0,0.0,1.0
0.0,1.6398828299347232,0.0,0.1180322016904434,0.0,0.0,0.0,0.0,1.0,0.0,0.0,0.0,0.0,1.0
0.0,1.4845825529478007,0.125,1.5001769550558215,1.0,0.0,0.0,1.0,0.0,0.0,0.0,1.0,0.0,0.0
1.0,-0.3013706324018097,0.0,-0.3774326034456906,0.0,0.0,0.0,0.0,0.0,0.0,1.0,0.0,0.0,1.0
1.0,2.7586870918647336e-16,0.125,-0.176829779902768,1.0,0.0,0.0,0.0,0.0,0.0,1.0,0.0,1.0,0.0
0.5,-0.2237204939083484,0.0,-0.440755422443577,0.0,0.0,0.0,0.0,0.0,1.0,0.0,0.0,0.0,1.0
1.0,0.1645301985589582,0.125,-0.3373120387371061,1.0,0.0,0.0,0.0,0.0,0.0,1.0,0.0,0.0,1.0
1.0,2.7586870918647336e-16,0.0,-0.4973109172737504,1.0,0.0,0.0,0.0,0.0,0.0,1.0,0.0,0.0,1.0
1.0,3.154060530557219,0.0,-0.4939272551898938,1.0,0.0,0.0,0.0,0.0,0.0,1.0,0.0,1.0,0.0
1.0,2.7586870918647336e-16,0.0,-0.4977942975714441,1.0,0.0,0.0,0.0,0.0,0.0,1.0,0.0,0.0,1.0
1.0,-2.0096736792579586,0.125,-0.428510432742398,1.0,0.0,0.0,0.0,0.0,0.0,1.0,0.0,0.0,1.0
1.0,-0.2237204939083484,0.0,-0.4762838743240705,1.0,0.0,0.0,0.0,0.0,0.0,1.0,0.0,0.0,1.0
0.5,0.7857313065066488,0.125,-0.1410596378734276,1.0,0.0,0.0,0.0,0.0,0.0,1.0,0.0,0.0,1.0
1.0,-0.6896213248691163,0.0,-0.4905435931060373,1.0,0.0,0.0,0.0,0.0,0.0,1.0,0.0,0.0,1.0
0.0,0.4751307525328035,0.125,1.67645028145522,0.0,0.0,1.0,0.0,0.0,0.0,0.0,0.0,0.0,1.0
0.0,2.7586870918647336e-16,0.0,0.1218992440719937,1.0,0.0,0.0,0.0,0.0,0.0,1.0,0.0,0.0,1.0
0.5,-0.3013706324018097,0.0,-0.392417392674198,1.0,0.0,0.0,0.0,0.0,0.0,1.0,0.0,0.0,1.0
1.0,-0.4566709093887323,0.0,-0.4762838743240705,1.0,0.0,0.0,0.0,0.0,0.0,1.0,0.0,0.0,1.0
0.5,-0.146070355414887,0.0,-0.1410596378734276,1.0,0.0,0.0,0.0,0.0,0.0,1.0,0.0,0.0,1.0
1.0,-0.146070355414887,0.0,-0.4881266916175683,1.0,0.0,0.0,0.0,0.0,0.0,1.0,0.0,0.0,1.0
0.5,0.3198304755458808,0.0,-0.1990652735966823,0.0,0.0,0.0,0.0,0.0,0.0,1.0,0.0,0.0,1.0
1.0,-0.379020770895271,0.0,-0.4600906343513286,1.0,0.0,0.0,0.0,0.0,0.0,1.0,0.0,0.0,1.0
0.5,0.9410315834935714,0.125,-0.0153807604730424,1.0,0.0,0.0,0.0,0.0,0.0,1.0,0.0,0.0,1.0
1.0,2.7586870918647336e-16,0.0,-0.5040782414414634,1.0,0.0,0.0,0.0,0.0,0.0,1.0,1.0,0.0,0.0
0.0,-0.611971186375655,0.0,2.2864762171447826,0.0,0.0,0.0,0.0,0.0,0.0,1.0,0.0,0.0,1.0
1.0,2.7586870918647336e-16,0.0,-0.4944106354875875,1.0,0.0,0.0,0.0,0.0,0.0,1.0,0.0,1.0,0.0
0.0,1.4845825529478007,0.125,0.8398001940372836,0.0,0.0,0.0,0.0,1.0,0.0,0.0,1.0,0.0,0.0
1.0,-2.08732381775142,0.375,-0.2362855565191041,0.0,0.0,0.0,0.0,0.0,0.0,1.0,0.0,0.0,1.0
0.5,-0.9225717403495004,0.125,-0.392417392674198,0.0,0.0,0.0,0.0,0.0,0.0,1.0,0.0,0.0,1.0
0.0,2.6493346303497205,0.125,-0.1304252713241642,0.0,0.0,1.0,0.0,0.0,0.0,0.0,0.0,0.0,1.0
0.5,0.1645301985589582,0.0,-0.392417392674198,1.0,0.0,0.0,0.0,0.0,0.0,1.0,0.0,0.0,1.0
0.0,0.6304310295197262,0.0,2.323454809918357,1.0,0.0,0.0,1.0,0.0,0.0,0.0,0.0,0.0,1.0
1.0,2.7586870918647336e-16,1.0,0.7009888407091532,0.0,0.0,0.0,0.0,0.0,0.0,1.0,0.0,0.0,1.0
1.0,-0.9225717403495004,0.125,-0.3643001275179457,1.0,0.0,0.0,0.0,0.0,0.0,1.0,1.0,0.0,0.0
1.0,2.7586870918647336e-16,0.0,-0.5035948611437696,1.0,0.0,0.0,0.0,0.0,0.0,1.0,0.0,0.0,1.0
0.5,-2.2555683728252025,0.125,-0.2812399242046265,1.0,0.0,0.0,0.0,0.0,0.0,1.0,0.0,0.0,1.0
0.5,-0.2237204939083484,0.0,-0.3531031063021668,1.0,0.0,0.0,0.0,0.0,0.0,1.0,1.0,0.0,0.0
0.5,-1.310822432816807,0.0,-0.2667385152738128,0.0,0.0,0.0,0.0,0.0,0.0,1.0,0.0,0.0,1.0
0.5,0.7080811680131874,0.0,-0.1410596378734276,1.0,0.0,0.0,0.0,0.0,0.0,1.0,0.0,0.0,1.0
0.0,0.4751307525328035,0.0,-0.1335672432591739,1.0,0.0,0.0,0.0,0.0,1.0,0.0,0.0,0.0,1.0
1.0,-0.3013706324018097,0.0,-0.4934438748922,1.0,0.0,0.0,0.0,0.0,0.0,1.0,0.0,0.0,1.0
0.0,3.1928855998039496,0.0,0.026271153018636,1.0,1.0,0.0,0.0,0.0,0.0,0.0,1.0,0.0,0.0
1.0,-0.0684202169214257,0.0,-0.3489943737717696,0.0,0.0,0.0,0.0,0.0,0.0,1.0,1.0,0.0,0.0
0.0,2.338734076375875,0.0,-0.1304252713241642,1.0,0.0,0.0,0.0,0.0,0.0,1.0,0.0,0.0,1.0
1.0,0.3198304755458808,0.0,-0.4881266916175683,1.0,0.0,0.0,0.0,0.0,0.0,1.0,0.0,0.0,1.0
0.0,0.7857313065066488,0.0,2.323454809918357,0.0,0.0,0.0,1.0,0.0,0.0,0.0,0.0,0.0,1.0
0.0,-1.077872017336423,0.0,0.4772649707669414,0.0,0.0,1.0,0.0,0.0,0.0,0.0,1.0,0.0,0.0
1.0,2.7586870918647336e-16,0.0,-0.4881266916175683,1.0,0.0,0.0,0.0,0.0,0.0,1.0,0.0,0.0,1.0
1.0,1.1739819989739555,0.125,-0.1043227352486996,0.0,0.0,0.0,0.0,0.0,0.0,1.0,0.0,0.0,1.0
0.0,2.7586870918647336e-16,0.0,-0.1304252713241642,1.0,0.0,0.0,0.0,0.0,0.0,1.0,0.0,0.0,1.0
1.0,1.1739819989739555,0.0,-0.3643001275179457,0.0,0.0,0.0,0.0,0.0,0.0,1.0,1.0,0.0,0.0
0.0,0.4751307525328035,0.0,9.262218501053868,1.0,0.0,1.0,0.0,0.0,0.0,0.0,1.0,0.0,0.0
0.5,-0.379020770895271,0.0,-0.440755422443577,1.0,0.0,0.0,0.0,0.0,0.0,1.0,0.0,0.0,1.0
0.0,-1.4661227098037295,0.125,1.67645028145522,1.0,0.0,1.0,0.0,0.0,0.0,0.0,0.0,0.0,1.0
0.5,0.0092299215720355,0.0,-0.392417392674198,0.0,0.0,0.0,0.0,0.0,0.0,1.0,0.0,0.0,1.0
0.0,0.2033552678056888,0.0,3.445622171014489,1.0,0.0,0.0,1.0,0.0,0.0,0.0,1.0,0.0,0.0
1.0,-0.2237204939083484,0.0,-0.4930417024845188,1.0,0.0,0.0,0.0,0.0,0.0,1.0,0.0,0.0,1.0
0.0,2.7586870918647336e-16,0.0,0.3616558717281132,1.0,1.0,0.0,0.0,0.0,0.0,0.0,0.0,0.0,1.0
1.0,0.4751307525328035,0.0,-0.3363452781417185,0.0,0.0,0.0,0.0,0.0,0.0,1.0,0.0,0.0,1.0
1.0,-0.0684202169214257,0.0,-0.4915103537014249,1.0,0.0,0.0,0.0,0.0,0.0,1.0,0.0,0.0,1.0
1.0,0.2421803370524195,0.0,-0.4919125261091061,1.0,0.0,0.0,0.0,0.0,0.0,1.0,0.0,0.0,1.0
1.0,-0.4566709093887323,0.0,-0.2714118359919164,0.0,0.0,0.0,0.0,0.0,0.0,1.0,1.0,0.0,0.0
1.0,2.7586870918647336e-16,0.125,-0.3643001275179457,0.0,0.0,0.0,0.0,0.0,0.0,1.0,1.0,0.0,0.0
0.0,1.329282275960878,0.0,0.1760378374136981,1.0,0.0,0.0,0.0,0.0,0.0,1.0,0.0,0.0,1.0
0.0,0.0092299215720355,0.0,1.4139747798074924,0.0,0.0,0.0,0.0,0.0,0.0,1.0,1.0,0.0,0.0
1.0,-0.146070355414887,0.0,-0.4600906343513286,1.0,0.0,0.0,0.0,0.0,0.0,1.0,0.0,0.0,1.0
0.0,1.562232691441262,0.125,3.445622171014489,1.0,0.0,0.0,1.0,0.0,0.0,0.0,1.0,0.0,0.0
0.0,0.3974806140393422,0.0,3.445622171014489,0.0,0.0,0.0,1.0,0.0,0.0,0.0,1.0,0.0,0.0
0.0,-0.8449216018560389,0.375,4.441385584263695,1.0,0.0,0.0,1.0,0.0,0.0,0.0,0.0,0.0,1.0
0.0,1.329282275960878,0.0,0.100630510973467,1.0,0.0,0.0,0.0,0.0,1.0,0.0,0.0,0.0,1.0
0.0,2.7586870918647336e-16,0.0,-0.0443835783346697,1.0,0.0,0.0,0.0,0.0,0.0,1.0,0.0,0.0,1.0
0.0,0.1645301985589582,0.0,0.8313410388276422,0.0,0.0,0.0,0.0,1.0,0.0,0.0,1.0,0.0,0.0
1.0,2.7586870918647336e-16,0.0,-0.4939272551898938,1.0,0.0,0.0,0.0,0.0,0.0,1.0,0.0,1.0,0.0
0.5,2.8046349073366432,0.0,-0.440755422443577,1.0,0.0,0.0,0.0,0.0,0.0,1.0,0.0,0.0,1.0
0.0,1.4069324144543394,0.125,0.8875736356189561,0.0,0.0,1.0,0.0,0.0,0.0,0.0,1.0,0.0,0.0
1.0,-0.146070355414887,0.0,-0.4919125261091061,1.0,0.0,0.0,0.0,0.0,0.0,1.0,0.0,0.0,1.0
0.0,0.8633814450001102,0.0,-0.0540511842885455,1.0,1.0,0.0,0.0,0.0,0.0,0.0,0.0,0.0,1.0
0.5,-0.611971186375655,0.25,-0.0347159723807939,1.0,0.0,0.0,0.0,0.0,0.0,1.0,0.0,0.0,1.0
0.0,-0.379020770895271,0.125,0.4282018705510217,0.0,0.0,0.0,0.0,0.0,1.0,0.0,1.0,0.0,0.0
1.0,-0.6896213248691163,0.0,-0.5035948611437696,1.0,0.0,0.0,0.0,0.0,0.0,1.0,0.0,0.0,1.0
1.0,2.7586870918647336e-16,0.0,-0.4911081812937436,1.0,0.0,0.0,0.0,0.0,0.0,1.0,0.0,0.0,1.0
0.0,-0.6896213248691163,0.0,0.5430046912532968,1.0,0.0,0.0,0.0,0.0,0.0,1.0,1.0,0.0,0.0
1.0,-1.854373402271036,0.125,-0.3489943737717696,1.0,0.0,0.0,0.0,0.0,0.0,1.0,1.0,0.0,0.0
1.0,0.1645301985589582,0.0,-0.4939272551898938,1.0,0.0,0.0,0.0,0.0,0.0,1.0,0.0,1.0,0.0
0.5,1.8728332454151075,0.0,-0.3730821807664465,1.0,0.0,0.0,0.0,0.0,0.0,1.0,0.0,0.0,1.0
0.5,0.6304310295197262,0.0,-0.392417392674198,0.0,0.0,0.0,0.0,0.0,0.0,1.0,0.0,0.0,1.0
0.0,-0.5343210478821937,0.375,4.441385584263695,0.0,0.0,0.0,1.0,0.0,0.0,0.0,0.0,0.0,1.0
1.0,-0.5343210478821937,0.0,-0.4881266916175683,0.0,0.0,0.0,0.0,0.0,0.0,1.0,0.0,0.0,1.0
0.0,-2.0096736792579586,0.0,0.938972429433332,1.0,1.0,0.0,0.0,0.0,0.0,0.0,0.0,0.0,1.0
1.0,-0.7672714633625777,0.0,-0.5039970335514509,1.0,0.0,0.0,0.0,0.0,0.0,1.0,1.0,0.0,0.0
0.0,1.2516321374674166,0.0,-0.1410596378734276,1.0,0.0,0.0,0.0,0.0,0.0,1.0,0.0,0.0,1.0
0.5,-0.5343210478821937,0.125,-0.440755422443577,1.0,0.0,0.0,0.0,0.0,0.0,1.0,0.0,0.0,1.0
1.0,2.7586870918647336e-16,0.0,-0.4864348605756401,0.0,0.0,0.0,0.0,0.0,0.0,1.0,0.0,1.0,0.0
1.0,2.7586870918647336e-16,0.0,-0.4939272551898938,1.0,0.0,0.0,0.0,0.0,0.0,1.0,0.0,1.0,0.0
0.0,-1.0002218788429615,0.0,1.5001769550558215,1.0,0.0,0.0,1.0,0.0,0.0,0.0,1.0,0.0,0.0
1.0,-0.6896213248691163,0.25,0.0208727618539917,0.0,0.0,0.0,0.0,0.0,0.0,1.0,0.0,0.0,1.0
1.0,2.7586870918647336e-16,0.0,-0.4911081812937436,1.0,0.0,0.0,0.0,0.0,0.0,1.0,0.0,0.0,1.0
1.0,0.3198304755458808,0.0,-0.5181774779645959,1.0,0.0,0.0,0.0,0.0,0.0,1.0,0.0,0.0,1.0
0.5,2.7586870918647336e-16,0.0,-0.6437751474749684,1.0,0.0,0.0,0.0,0.0,0.0,1.0,0.0,0.0,1.0
1.0,-0.146070355414887,0.0,-0.2082494992528643,1.0,0.0,0.0,0.0,0.0,0.0,1.0,0.0,0.0,1.0
1.0,2.7586870918647336e-16,0.125,-0.3634145748125707,1.0,0.0,0.0,0.0,0.0,0.0,1.0,0.0,0.0,1.0
1.0,2.7586870918647336e-16,0.0,-0.4911081812937436,1.0,0.0,0.0,0.0,0.0,0.0,1.0,0.0,0.0,1.0
0.5,0.9410315834935714,0.0,-0.392417392674198,0.0,0.0,0.0,0.0,0.0,0.0,1.0,0.0,0.0,1.0
0.5,0.1645301985589582,0.0,-0.3827497867203223,1.0,0.0,0.0,0.0,0.0,0.0,1.0,0.0,0.0,1.0
1.0,-0.8449216018560389,0.0,-0.4881266916175683,1.0,0.0,0.0,0.0,0.0,0.0,1.0,0.0,0.0,1.0
1.0,2.7586870918647336e-16,0.0,-0.4939272551898938,1.0,0.0,0.0,0.0,0.0,0.0,0.0,0.0,1.0,0.0
0.5,0.9410315834935714,0.125,-0.1410596378734276,0.0,0.0,0.0,0.0,0.0,0.0,1.0,0.0,0.0,1.0
0.0,1.7175329684281846,0.125,0.8695280823454514,0.0,0.0,0.0,0.0,1.0,0.0,0.0,1.0,0.0,0.0
1.0,2.7586870918647336e-16,0.0,-0.4962629487883502,0.0,0.0,0.0,0.0,0.0,0.0,1.0,0.0,1.0,0.0
1.0,2.7586870918647336e-16,0.0,-0.4939272551898938,1.0,0.0,0.0,0.0,0.0,0.0,1.0,0.0,1.0,0.0
1.0,-1.0002218788429615,0.125,-0.5073806956353073,1.0,0.0,0.0,0.0,0.0,0.0,1.0,0.0,0.0,1.0
0.5,-0.4566709093887323,0.25,-0.2812399242046265,0.0,0.0,0.0,0.0,0.0,0.0,1.0,0.0,0.0,1.0
0.5,1.4069324144543394,0.0,0.0667938901349017,0.0,0.0,0.0,0.0,0.0,0.0,1.0,0.0,0.0,1.0
1.0,2.7586870918647336e-16,0.0,-0.4923959064067998,0.0,0.0,0.0,0.0,0.0,0.0,1.0,0.0,1.0,0.0
1.0,-0.146070355414887,0.0,-0.4911081812937436,0.0,0.0,0.0,0.0,0.0,0.0,1.0,0.0,0.0,1.0
1.0,-2.1649739562448813,0.5,-0.0390663950600381,0.0,0.0,0.0,0.0,0.0,0.0,1.0,0.0,0.0,1.0
1.0,2.7586870918647336e-16,0.0,-0.4942501532287532,0.0,0.0,0.0,0.0,0.0,0.0,1.0,0.0,1.0,0.0
1.0,-0.4566709093887323,0.0,-0.4881266916175683,1.0,0.0,0.0,0.0,0.0,0.0,1.0,0.0,0.0,1.0
1.0,-2.287917420521578,0.0,-0.4791029482202207,1.0,0.0,0.0,0.0,0.0,0.0,1.0,1.0,0.0,0.0
1.0,-0.146070355414887,0.0,-0.4911081812937436,1.0,0.0,0.0,0.0,0.0,0.0,1.0,0.0,0.0,1.0
1.0,-0.9225717403495004,0.0,-0.4832928886406304,1.0,0.0,0.0,0.0,0.0,0.0,1.0,0.0,0.0,1.0
0.0,0.3974806140393422,0.0,-0.135500764449949,1.0,0.0,0.0,0.0,0.0,1.0,0.0,0.0,0.0,1.0
1.0,-1.7767232637775747,0.125,-0.3489943737717696,1.0,0.0,0.0,0.0,0.0,0.0,1.0,1.0,0.0,0.0
1.0,-1.388472571310268,0.125,-0.4264144957715976,1.0,0.0,0.0,0.0,0.0,0.0,1.0,1.0,0.0,0.0
0.5,-1.388472571310268,0.0,-0.3392455599278812,0.0,0.0,0.0,0.0,0.0,0.0,1.0,0.0,0.0,1.0
0.5,-0.0684202169214257,0.0,-0.3758219802937749,1.0,0.0,0.0,0.0,0.0,0.0,1.0,1.0,0.0,0.0
1.0,-0.2237204939083484,0.0,-0.4911081812937436,1.0,0.0,0.0,0.0,0.0,0.0,1.0,0.0,0.0,1.0
0.0,0.2421803370524195,0.125,0.38292460482664,0.0,0.0,0.0,0.0,0.0,1.0,0.0,0.0,0.0,1.0
0.0,1.1739819989739555,0.0,0.5047364398454749,0.0,0.0,0.0,0.0,0.0,0.0,1.0,1.0,0.0,0.0
0.5,-2.2426240947383427,0.0,0.0717089010018521,1.0,0.0,0.0,0.0,0.0,0.0,1.0,1.0,0.0,0.0
0.0,0.0868800600654969,0.125,0.3616558717281132,1.0,0.0,1.0,0.0,0.0,0.0,0.0,0.0,0.0,1.0
1.0,1.096331860480494,0.0,-0.4881266916175683,1.0,0.0,0.0,0.0,0.0,0.0,1.0,0.0,0.0,1.0
0.0,-0.0684202169214257,0.0,-0.0637187902424213,1.0,0.0,0.0,0.0,1.0,0.0,0.0,0.0,0.0,1.0
1.0,2.7586870918647336e-16,0.0,-0.4911081812937436,1.0,0.0,0.0,0.0,0.0,0.0,1.0,0.0,0.0,1.0
0.5,-0.379020770895271,0.125,0.1601674954798156,1.0,0.0,0.0,0.0,0.0,0.0,1.0,1.0,0.0,0.0
0.0,2.6493346303497205,0.125,0.8111995485833373,1.0,0.0,0.0,0.0,1.0,0.0,0.0,1.0,0.0,0.0
0.0,-0.2237204939083484,0.125,4.142091972101227,0.0,0.0,1.0,0.0,0.0,0.0,0.0,1.0,0.0,0.0
1.0,-2.08732381775142,0.125,-0.3774326034456906,0.0,0.0,0.0,0.0,0.0,0.0,1.0,0.0,0.0,1.0
1.0,-1.077872017336423,0.25,-0.2957413331354402,1.0,0.0,0.0,0.0,0.0,0.0,1.0,0.0,0.0,1.0
0.0,-0.379020770895271,0.125,0.4282018705510217,1.0,0.0,0.0,0.0,0.0,1.0,0.0,1.0,0.0,0.0
0.5,-1.6990731252841136,0.125,-0.1410596378734276,0.0,0.0,0.0,0.0,0.0,0.0,1.0,0.0,0.0,1.0
0.5,0.1645301985589582,0.0,-0.392417392674198,0.0,0.0,0.0,0.0,0.0,0.0,1.0,0.0,0.0,1.0
1.0,2.7586870918647336e-16,0.0,0.4485831174229828,1.0,0.0,0.0,0.0,0.0,0.0,1.0,0.0,0.0,1.0
1.0,2.7586870918647336e-16,0.0,-0.3489943737717696,0.0,0.0,0.0,0.0,0.0,0.0,1.0,1.0,0.0,0.0
1.0,-1.2331722943233456,0.5,0.123591075113922,1.0,0.0,0.0,0.0,0.0,0.0,1.0,0.0,0.0,1.0
1.0,0.9410315834935714,0.0,-0.495860776380669,1.0,0.0,0.0,0.0,0.0,0.0,0.0,0.0,0.0,1.0
1.0,2.7586870918647336e-16,0.125,-0.3642208531491239,0.0,0.0,0.0,0.0,0.0,0.0,1.0,1.0,0.0,0.0
1.0,0.1645301985589582,0.0,-0.4881266916175683,1.0,0.0,0.0,0.0,0.0,1.0,0.0,0.0,0.0,1.0
1.0,0.3974806140393422,0.0,-0.4881266916175683,1.0,0.0,0.0,0.0,0.0,0.0,1.0,0.0,0.0,1.0
1.0,0.5527808910262648,0.0,-0.4583988033094003,0.0,0.0,0.0,0.0,0.0,0.0,1.0,0.0,0.0,1.0
0.5,-1.7767232637775747,0.0,-0.1362258348964897,0.0,0.0,0.0,0.0,0.0,0.0,1.0,0.0,0.0,1.0
1.0,-2.0096736792579586,0.5,-0.0390663950600381,1.0,0.0,0.0,0.0,0.0,0.0,1.0,0.0,0.0,1.0
1.0,0.2421803370524195,0.0,-0.4911081812937436,1.0,0.0,0.0,0.0,0.0,0.0,1.0,0.0,0.0,1.0
1.0,0.7857313065066488,0.125,-0.4605740146490223,0.0,0.0,0.0,0.0,0.0,0.0,1.0,0.0,0.0,1.0
1.0,-0.0684202169214257,0.0,-0.4881266916175683,1.0,0.0,0.0,0.0,0.0,0.0,1.0,0.0,0.0,1.0
0.5,0.6304310295197262,0.125,-0.2377356974121854,1.0,0.0,0.0,0.0,0.0,0.0,1.0,0.0,0.0,1.0
0.0,1.4069324144543394,0.0,-0.1424285708764964,0.0,0.0,0.0,0.0,1.0,0.0,0.0,0.0,0.0,1.0
1.0,1.4069324144543394,0.0,-0.4919125261091061,1.0,0.0,0.0,0.0,0.0,0.0,1.0,0.0,0.0,1.0
0.0,-0.9225717403495004,0.125,0.5163375669901258,0.0,0.0,0.0,1.0,0.0,0.0,0.0,0.0,0.0,1.0
0.5,0.7857313065066488,0.0,-0.3344117569509433,1.0,0.0,0.0,0.0,0.0,0.0,1.0,0.0,0.0,1.0
0.0,-0.0684202169214257,0.125,0.643949965581286,1.0,0.0,0.0,1.0,0.0,0.0,0.0,0.0,0.0,1.0
1.0,-1.6990731252841136,0.375,-0.2362855565191041,0.0,0.0,0.0,0.0,0.0,0.0,1.0,0.0,0.0,1.0
0.5,-0.146070355414887,0.0,-0.392417392674198,0.0,0.0,0.0,0.0,0.0,0.0,1.0,0.0,0.0,1.0
1.0,0.7857313065066488,0.0,-0.5040782414414634,1.0,0.0,0.0,0.0,0.0,0.0,1.0,1.0,0.0,0.0
0.0,0.0092299215720355,0.125,0.4728333401976847,1.0,0.0,0.0,1.0,0.0,0.0,0.0,1.0,0.0,0.0
1.0,-0.9225717403495004,0.0,-0.4939272551898938,1.0,0.0,0.0,0.0,0.0,0.0,1.0,0.0,0.0,1.0
1.0,-1.6214229867906522,0.625,0.2630462909985802,1.0,0.0,0.0,0.0,0.0,0.0,1.0,0.0,0.0,1.0
1.0,1.1739819989739555,0.0,-0.4939272551898938,0.0,0.0,0.0,0.0,0.0,0.0,1.0,0.0,0.0,1.0
0.5,-0.611971186375655,0.125,0.1601674954798156,0.0,0.0,0.0,0.0,0.0,0.0,1.0,1.0,0.0,0.0
0.0,1.096331860480494,0.25,1.096393924222673,1.0,0.0,0.0,1.0,0.0,0.0,0.0,0.0,1.0,0.0
1.0,-0.146070355414887,0.0,-0.5035948611437696,1.0,0.0,0.0,0.0,0.0,0.0,1.0,0.0,0.0,1.0
1.0,0.1645301985589582,0.0,0.4485831174229828,1.0,0.0,0.0,0.0,0.0,0.0,1.0,0.0,0.0,1.0
0.0,-0.379020770895271,0.125,1.1172604849135184,1.0,0.0,1.0,0.0,0.0,0.0,0.0,1.0,0.0,0.0
1.0,-1.077872017336423,0.0,-0.4934438748922,1.0,0.0,0.0,0.0,0.0,0.0,1.0,0.0,0.0,1.0
1.0,-2.2426240947383427,0.0,-0.3394060421867155,0.0,0.0,0.0,0.0,0.0,0.0,1.0,1.0,0.0,0.0
0.0,-0.8449216018560389,0.125,1.1172604849135184,0.0,0.0,1.0,0.0,0.0,0.0,0.0,1.0,0.0,0.0
1.0,-1.854373402271036,0.375,-0.2362855565191041,1.0,0.0,0.0,0.0,0.0,0.0,1.0,0.0,0.0,1.0
1.0,2.7586870918647336e-16,0.0,-0.5039970335514509,1.0,0.0,0.0,0.0,0.0,0.0,1.0,1.0,0.0,0.0
0.0,1.2516321374674166,0.0,0.8875736356189561,1.0,0.0,1.0,0.0,0.0,0.0,0.0,1.0,0.0,0.0
0.0,2.1834337993889528,0.0,-0.1304252713241642,0.0,0.0,0.0,1.0,0.0,0.0,0.0,0.0,0.0,1.0
0.0,1.795183106921646,0.125,0.938972429433332,1.0,1.0,0.0,0.0,0.0,0.0,0.0,0.0,0.0,1.0
1.0,-0.2237204939083484,0.0,-0.4905435931060373,0.0,0.0,0.0,0.0,0.0,0.0,1.0,0.0,0.0,1.0
1.0,-1.0002218788429615,0.0,-0.4762838743240705,1.0,0.0,0.0,0.0,0.0,0.0,1.0,0.0,0.0,1.0
0.0,2.7586870918647336e-16,0.0,-0.0502653497970078,1.0,0.0,0.0,0.0,0.0,0.0,1.0,1.0,0.0,0.0
1.0,-1.077872017336423,0.5,0.123591075113922,1.0,0.0,0.0,0.0,0.0,0.0,1.0,0.0,0.0,1.0
1.0,-0.4566709093887323,0.0,-0.4939272551898938,0.0,0.0,0.0,0.0,0.0,0.0,1.0,0.0,1.0,0.0
1.0,2.7586870918647336e-16,0.0,-0.4942501532287532,0.0,0.0,0.0,0.0,0.0,0.0,1.0,0.0,1.0,0.0
1.0,-1.077872017336423,0.125,-0.2522371063429992,1.0,0.0,0.0,0.0,0.0,0.0,1.0,0.0,0.0,1.0
0.5,0.8633814450001102,0.0,-0.3528614161533199,1.0,0.0,0.0,0.0,0.0,0.0,1.0,1.0,0.0,0.0
1.0,-0.3013706324018097,0.0,-0.4934438748922,1.0,0.0,0.0,0.0,0.0,0.0,1.0,0.0,0.0,1.0
1.0,2.7586870918647336e-16,0.0,-0.4939272551898938,1.0,0.0,0.0,0.0,0.0,0.0,1.0,0.0,1.0,0.0
1.0,2.7586870918647336e-16,0.0,-0.4881266916175683,1.0,0.0,0.0,0.0,0.0,0.0,1.0,0.0,0.0,1.0
1.0,-0.611971186375655,0.0,-0.5040782414414634,1.0,0.0,0.0,0.0,0.0,0.0,1.0,1.0,0.0,0.0
0.0,-0.2237204939083484,0.0,-0.0540511842885455,1.0,0.0,0.0,0.0,0.0,0.0,1.0,0.0,0.0,1.0
0.5,-0.146070355414887,0.0,-0.440755422443577,1.0,0.0,0.0,0.0,0.0,0.0,1.0,0.0,0.0,1.0
1.0,-0.0684202169214257,0.0,-0.4919125261091061,1.0,0.0,0.0,0.0,0.0,0.0,1.0,0.0,0.0,1.0
1.0,-0.7672714633625777,0.0,-0.4919125261091061,0.0,0.0,0.0,0.0,0.0,0.0,1.0,0.0,0.0,1.0
1.0,0.1645301985589582,0.0,-0.4919125261091061,1.0,0.0,0.0,0.0,0.0,0.0,1.0,0.0,0.0,1.0
1.0,2.7586870918647336e-16,0.0,-0.5093954247160951,1.0,0.0,0.0,0.0,0.0,0.0,1.0,0.0,1.0,0.0
1.0,-2.1649739562448813,0.5,-0.0806371006617039,1.0,0.0,0.0,0.0,0.0,0.0,1.0,0.0,1.0,0.0
1.0,2.7586870918647336e-16,0.125,-0.3440793629048191,1.0,0.0,0.0,0.0,0.0,0.0,1.0,0.0,1.0,0.0
0.0,1.2516321374674166,0.0,0.8110390663245028,1.0,0.0,0.0,1.0,0.0,0.0,0.0,1.0,0.0,0.0
1.0,-0.9225717403495004,0.25,-0.2957413331354402,0.0,0.0,0.0,0.0,0.0,0.0,1.0,0.0,0.0,1.0
0.0,-0.4566709093887323,0.0,0.3133990498487468,0.0,0.0,0.0,1.0,0.0,0.0,0.0,1.0,0.0,0.0
1.0,-0.9225717403495004,0.125,-0.5181774779645959,1.0,0.0,0.0,0.0,0.0,0.0,1.0,0.0,0.0,1.0
1.0,2.7586870918647336e-16,0.0,-0.5039970335514509,1.0,0.0,0.0,0.0,0.0,0.0,1.0,1.0,0.0,0.0
1.0,1.096331860480494,0.0,-0.4881266916175683,1.0,0.0,0.0,0.0,0.0,0.0,1.0,0.0,0.0,1.0
1.0,2.7586870918647336e-16,0.0,-0.4939272551898938,0.0,0.0,0.0,0.0,0.0,0.0,1.0,0.0,1.0,0.0
1.0,2.7586870918647336e-16,0.0,-0.4881266916175683,1.0,0.0,0.0,0.0,0.0,0.0,1.0,0.0,0.0,1.0
1.0,0.9410315834935714,0.0,-0.4762838743240705,1.0,0.0,0.0,0.0,0.0,0.0,1.0,0.0,0.0,1.0
1.0,0.0868800600654969,0.375,-0.2957413331354402,1.0,0.0,0.0,0.0,0.0,0.0,1.0,0.0,0.0,1.0
1.0,2.7586870918647336e-16,0.0,-0.5035948611437696,1.0,0.0,0.0,0.0,0.0,0.0,1.0,0.0,0.0,1.0
0.5,-0.379020770895271,0.125,-0.1410596378734276,1.0,0.0,0.0,0.0,0.0,0.0,1.0,0.0,0.0,1.0
1.0,-0.9225717403495004,0.0,-0.4934438748922,0.0,0.0,0.0,0.0,0.0,0.0,1.0,0.0,0.0,1.0
1.0,2.7586870918647336e-16,0.0,-0.4911081812937436,1.0,0.0,0.0,0.0,0.0,0.0,1.0,0.0,0.0,1.0
1.0,-0.9225717403495004,0.0,-0.4934438748922,0.0,0.0,0.0,0.0,0.0,0.0,1.0,0.0,0.0,1.0
1.0,2.7586870918647336e-16,0.0,-0.4911081812937436,1.0,0.0,0.0,0.0,0.0,0.0,1.0,0.0,0.0,1.0
0.0,2.726984768843182,0.0,-0.1304252713241642,1.0,0.0,0.0,0.0,0.0,1.0,0.0,0.0,0.0,1.0
0.0,-0.8449216018560389,0.0,-0.1355819723399616,0.0,0.0,0.0,0.0,1.0,0.0,0.0,0.0,0.0,1.0
0.0,0.7080811680131874,0.0,-0.0695193538147468,1.0,1.0,0.0,0.0,0.0,0.0,0.0,1.0,0.0,0.0
1.0,2.7586870918647336e-16,0.125,-0.3643001275179457,0.0,0.0,0.0,0.0,0.0,0.0,1.0,1.0,0.0,0.0
0.0,-0.146070355414887,0.0,0.2669133333801305,1.0,0.0,0.0,0.0,0.0,0.0,1.0,0.0,0.0,1.0
0.5,-0.4566709093887323,0.0,-0.3634145748125707,0.0,0.0,0.0,0.0,0.0,0.0,1.0,0.0,0.0,1.0
0.0,-0.9225717403495004,0.25,4.42930107682135,0.0,0.0,1.0,0.0,0.0,0.0,0.0,1.0,0.0,0.0
1.0,2.7586870918647336e-16,0.0,-0.4914291458114123,0.0,0.0,0.0,0.0,0.0,0.0,1.0,0.0,1.0,0.0
0.0,2.7586870918647336e-16,0.0,-0.0637187902424213,1.0,0.0,0.0,0.0,1.0,0.0,0.0,0.0,0.0,1.0
1.0,-0.9225717403495004,0.0,-0.4534837924424498,0.0,0.0,0.0,0.0,0.0,0.0,1.0,0.0,0.0,1.0
0.0,2.4940343533627978,0.0,-0.1304252713241642,1.0,0.0,0.0,1.0,0.0,0.0,0.0,0.0,0.0,1.0
0.5,1.7175329684281846,0.0,-0.392417392674198,1.0,0.0,0.0,0.0,0.0,0.0,1.0,0.0,0.0,1.0
0.0,-0.4566709093887323,0.0,0.964108204913409,0.0,0.0,0.0,1.0,0.0,0.0,0.0,1.0,0.0,0.0
0.5,0.2033552678056888,0.0,-0.392417392674198,0.0,0.0,0.0,0.0,0.0,1.0,0.0,0.0,0.0,1.0
0.0,2.6493346303497205,0.125,4.441385584263695,1.0,0.0,0.0,1.0,0.0,0.0,0.0,0.0,0.0,1.0
1.0,-0.611971186375655,0.0,-0.4629909161374912,1.0,0.0,0.0,0.0,0.0,0.0,1.0,0.0,0.0,1.0
1.0,2.7586870918647336e-16,0.0,-0.5040782414414634,1.0,0.0,0.0,0.0,0.0,0.0,1.0,1.0,0.0,0.0
0.0,0.4751307525328035,0.0,0.729024897975393,0.0,0.0,1.0,0.0,0.0,0.0,0.0,0.0,0.0,1.0
0.0,1.1739819989739555,0.0,4.42930107682135,0.0,0.0,0.0,0.0,0.0,0.0,1.0,1.0,0.0,0.0
0.5,0.3198304755458808,0.125,-0.2377356974121854,1.0,0.0,0.0,0.0,0.0,0.0,1.0,0.0,0.0,1.0
1.0,2.7586870918647336e-16,0.125,0.7009888407091532,1.0,0.0,0.0,0.0,0.0,0.0,1.0,0.0,0.0,1.0
1.0,-2.0096736792579586,0.0,-0.2179171052067401,0.0,0.0,0.0,0.0,0.0,0.0,1.0,0.0,0.0,1.0
1.0,-0.5343210478821937,0.0,-0.4905435931060373,0.0,0.0,0.0,0.0,0.0,0.0,1.0,0.0,0.0,1.0
1.0,2.7586870918647336e-16,0.0,-0.4923959064067998,1.0,0.0,0.0,0.0,0.0,0.0,1.0,0.0,1.0,0.0
1.0,2.3775591456226057,0.0,1.3738494365435066e-16,1.0,0.0,0.0,0.0,0.0,0.0,1.0,0.0,0.0,1.0
0.5,-0.146070355414887,0.0,-0.440755422443577,1.0,0.0,0.0,0.0,0.0,0.0,1.0,0.0,0.0,1.0
0.5,-0.379020770895271,0.0,-0.1410596378734276,0.0,0.0,0.0,0.0,0.0,0.0,1.0,0.0,0.0,1.0
1.0,-0.3013706324018097,0.0,-0.491268663552578,1.0,0.0,0.0,0.0,0.0,0.0,1.0,0.0,0.0,1.0
0.0,0.0092299215720355,0.0,-0.1410596378734276,1.0,0.0,0.0,1.0,0.0,0.0,0.0,0.0,0.0,1.0
0.0,1.096331860480494,0.0,-0.1077876052225687,0.0,0.0,1.0,0.0,0.0,0.0,0.0,1.0,0.0,0.0
1.0,2.7586870918647336e-16,0.0,-0.50746190352532,1.0,0.0,0.0,0.0,0.0,0.0,1.0,0.0,0.0,1.0
0.5,-2.268504885898213,0.125,-0.3634145748125707,1.0,0.0,0.0,0.0,0.0,0.0,1.0,0.0,0.0,1.0
1.0,-0.8449216018560389,0.0,-0.3634145748125707,1.0,0.0,0.0,0.0,0.0,0.0,1.0,0.0,0.0,1.0
0.0,0.0092299215720355,0.0,-0.0443835783346697,0.0,0.0,0.0,0.0,0.0,0.0,1.0,1.0,0.0,0.0
0.5,-0.4566709093887323,0.0,-0.440755422443577,1.0,0.0,0.0,0.0,0.0,0.0,1.0,0.0,0.0,1.0
0.0,0.2421803370524195,0.0,-0.5470990879362106,1.0,0.0,1.0,0.0,0.0,0.0,0.0,0.0,0.0,1.0
1.0,2.7586870918647336e-16,0.0,0.4485831174229828,1.0,0.0,0.0,0.0,0.0,0.0,1.0,0.0,0.0,1.0
1.0,-1.4661227098037295,0.625,0.2630462909985802,1.0,0.0,0.0,0.0,0.0,0.0,1.0,0.0,0.0,1.0
1.0,-0.611971186375655,0.0,-0.4944106354875875,0.0,0.0,0.0,0.0,0.0,0.0,1.0,0.0,1.0,0.0
1.0,-1.077872017336423,0.0,-0.4655682998847946,1.0,0.0,0.0,0.0,0.0,0.0,1.0,0.0,0.0,1.0
0.5,-0.0684202169214257,0.0,-0.1990652735966823,0.0,0.0,0.0,0.0,0.0,0.0,1.0,0.0,0.0,1.0
0.0,2.4163842148693364,0.0,-0.0188456304469115,1.0,0.0,0.0,0.0,1.0,0.0,0.0,0.0,0.0,1.0
0.0,1.1739819989739555,0.125,2.543957433556738,0.0,0.0,0.0,0.0,0.0,0.0,1.0,0.0,0.0,1.0
1.0,-1.6214229867906522,0.0,-0.5824670575578698,1.0,0.0,0.0,0.0,0.0,0.0,1.0,0.0,0.0,1.0
0.0,0.7080811680131874,0.0,1.4618294292791778,0.0,0.0,0.0,1.0,0.0,0.0,0.0,1.0,0.0,0.0
0.0,0.7080811680131874,0.125,0.8962744809774443,0.0,0.0,0.0,0.0,0.0,1.0,0.0,0.0,0.0,1.0
1.0,2.7586870918647336e-16,0.125,-0.3440793629048191,0.0,0.0,0.0,0.0,0.0,0.0,1.0,0.0,1.0,0.0
1.0,-0.4566709093887323,0.0,-0.4919125261091061,1.0,0.0,0.0,0.0,0.0,0.0,1.0,0.0,0.0,1.0
0.5,0.2421803370524195,0.0,-0.1410596378734276,0.0,0.0,0.0,0.0,0.0,0.0,1.0,0.0,0.0,1.0
1.0,0.7857313065066488,0.125,-0.036891183720416,1.0,0.0,0.0,0.0,0.0,0.0,1.0,0.0,0.0,1.0
1.0,0.6304310295197262,0.125,-0.036891183720416,0.0,0.0,0.0,0.0,0.0,0.0,1.0,0.0,0.0,1.0
1.0,2.7586870918647336e-16,0.0,-0.4939272551898938,0.0,0.0,0.0,0.0,0.0,0.0,1.0,0.0,1.0,0.0
1.0,2.7586870918647336e-16,0.0,-0.4939272551898938,0.0,0.0,0.0,0.0,0.0,0.0,1.0,0.0,1.0,0.0
1.0,-0.3013706324018097,0.25,-0.4762838743240705,1.0,0.0,0.0,0.0,0.0,0.0,1.0,0.0,0.0,1.0
1.0,-1.6214229867906522,0.125,-0.3363452781417185,1.0,0.0,0.0,0.0,0.0,0.0,1.0,0.0,0.0,1.0
0.5,0.3974806140393422,0.0,-0.4049852804142365,1.0,0.0,0.0,0.0,0.0,0.0,1.0,0.0,1.0,0.0
0.0,1.329282275960878,0.0,-0.1490354127853752,1.0,0.0,0.0,0.0,0.0,1.0,0.0,0.0,0.0,1.0
1.0,2.7586870918647336e-16,0.0,-0.4944918433776001,0.0,0.0,0.0,0.0,0.0,0.0,1.0,0.0,1.0,0.0
1.0,2.7586870918647336e-16,0.0,-0.4911081812937436,1.0,0.0,0.0,0.0,0.0,0.0,1.0,0.0,0.0,1.0
1.0,0.0868800600654969,0.0,-0.4905435931060373,1.0,0.0,0.0,0.0,0.0,0.0,1.0,0.0,0.0,1.0
1.0,-0.8449216018560389,0.0,-0.4881266916175683,1.0,0.0,0.0,0.0,0.0,0.0,1.0,0.0,0.0,1.0
1.0,2.7586870918647336e-16,0.0,-0.4881266916175683,1.0,0.0,0.0,0.0,0.0,0.0,1.0,0.0,0.0,1.0
0.5,-0.7672714633625777,0.0,-0.3757407724037623,1.0,0.0,0.0,0.0,1.0,0.0,0.0,1.0,0.0,0.0
1.0,-0.3013706324018097,0.0,-0.4914291458114123,1.0,0.0,0.0,0.0,0.0,0.0,1.0,0.0,1.0,0.0
0.5,2.7586870918647336e-16,0.0,-0.3425480141217252,1.0,0.0,0.0,0.0,0.0,0.0,1.0,1.0,0.0,0.0
1.0,0.6304310295197262,0.0,-0.4762838743240705,1.0,0.0,0.0,0.0,0.0,0.0,1.0,0.0,0.0,1.0
1.0,-0.9225717403495004,0.0,-0.4881266916175683,0.0,0.0,0.0,0.0,0.0,0.0,1.0,0.0,0.0,1.0
1.0,-0.8449216018560389,0.125,-0.3324782357601681,0.0,0.0,0.0,0.0,0.0,0.0,1.0,0.0,0.0,1.0
0.5,-0.8449216018560389,0.0,-0.392417392674198,0.0,0.0,0.0,0.0,0.0,0.0,1.0,0.0,0.0,1.0
1.0,1.562232691441262,0.0,-0.4881266916175683,1.0,0.0,0.0,0.0,0.0,0.0,1.0,0.0,0.0,1.0
1.0,-0.9225717403495004,0.125,-0.2996083755169905,0.0,0.0,0.0,0.0,0.0,0.0,1.0,0.0,0.0,1.0
0.5,-0.8449216018560389,0.125,-0.1410596378734276,0.0,0.0,0.0,0.0,0.0,0.0,1.0,0.0,0.0,1.0
1.0,2.7586870918647336e-16,0.0,-0.5039970335514509,1.0,0.0,0.0,0.0,0.0,0.0,1.0,1.0,0.0,0.0
0.5,1.562232691441262,0.0,-0.392417392674198,1.0,0.0,0.0,0.0,0.0,0.0,1.0,0.0,0.0,1.0
1.0,-0.3013706324018097,0.0,-0.4911081812937436,1.0,0.0,0.0,0.0,0.0,0.0,1.0,0.0,0.0,1.0
1.0,-0.4566709093887323,0.125,-0.3324782357601681,1.0,0.0,0.0,0.0,0.0,0.0,1.0,0.0,0.0,1.0
1.0,-0.6896213248691163,0.0,-0.4807155048933272,1.0,0.0,0.0,0.0,0.0,0.0,1.0,0.0,0.0,1.0
1.0,1.329282275960878,0.125,-0.5084286641207075,0.0,0.0,0.0,0.0,0.0,0.0,1.0,0.0,0.0,1.0
1.0,0.7080811680131874,0.0,-0.176829779902768,1.0,0.0,0.0,0.0,0.0,0.0,1.0,0.0,0.0,1.0
0.0,1.950483383908569,0.0,0.3229854479126101,1.0,0.0,0.0,1.0,0.0,0.0,0.0,0.0,0.0,1.0
0.0,0.3974806140393422,0.125,0.4728333401976847,0.0,0.0,0.0,1.0,0.0,0.0,0.0,1.0,0.0,0.0
1.0,-0.2237204939083484,0.0,-0.4762838743240705,1.0,0.0,0.0,0.0,0.0,0.0,1.0,0.0,0.0,1.0
0.5,-0.6896213248691163,0.0,-0.440755422443577,0.0,0.0,0.0,0.0,0.0,0.0,1.0,0.0,0.0,1.0
0.0,0.4751307525328035,0.0,0.1320502303235633,1.0,1.0,0.0,0.0,0.0,0.0,0.0,1.0,0.0,0.0
1.0,-0.9225717403495004,0.0,-0.4762838743240705,1.0,0.0,0.0,0.0,0.0,0.0,1.0,0.0,0.0,1.0
0.5,-2.08732381775142,0.125,-0.1410596378734276,1.0,0.0,0.0,0.0,0.0,0.0,0.0,0.0,0.0,1.0
1.0,0.7080811680131874,0.0,-0.5039970335514509,1.0,0.0,0.0,0.0,0.0,0.0,1.0,1.0,0.0,0.0
0.0,-0.4566709093887323,0.0,4.142091972101227,1.0,0.0,1.0,0.0,0.0,0.0,0.0,1.0,0.0,0.0
0.5,-0.7672714633625777,0.25,-0.1990652735966823,0.0,0.0,0.0,0.0,0.0,0.0,1.0,0.0,0.0,1.0
1.0,-0.9225717403495004,0.0,-0.5132624670976453,0.0,0.0,0.0,0.0,0.0,0.0,1.0,0.0,1.0,0.0
0.5,-2.1649739562448813,0.125,-0.1410596378734276,0.0,0.0,0.0,0.0,0.0,0.0,1.0,0.0,0.0,1.0
1.0,-1.9320235407644968,0.5,-0.036891183720416,0.0,0.0,0.0,0.0,0.0,0.0,1.0,0.0,0.0,1.0
0.0,2.7586870918647336e-16,0.0,-0.0695193538147468,1.0,0.0,0.0,1.0,0.0,0.0,0.0,1.0,0.0,0.0
1.0,2.7586870918647336e-16,0.0,-0.4939272551898938,0.0,0.0,0.0,0.0,0.0,0.0,1.0,0.0,1.0,0.0
0.5,-0.4566709093887323,0.125,0.0717089010018521,0.0,0.0,0.0,0.0,0.0,0.0,1.0,1.0,0.0,0.0
1.0,2.7586870918647336e-16,0.0,-0.4939272551898938,0.0,0.0,0.0,0.0,0.0,0.0,1.0,0.0,1.0,0.0
0.0,2.338734076375875,0.0,0.8313410388276422,0.0,0.0,0.0,0.0,1.0,0.0,0.0,1.0,0.0,0.0
0.0,0.1645301985589582,0.0,-0.0540511842885455,1.0,0.0,1.0,0.0,0.0,0.0,0.0,1.0,0.0,0.0
1.0,2.7586870918647336e-16,1.0,0.7009888407091532,1.0,0.0,0.0,0.0,0.0,0.0,1.0,0.0,0.0,1.0
1.0,2.7586870918647336e-16,0.0,-0.4914291458114123,0.0,0.0,0.0,0.0,0.0,0.0,1.0,0.0,1.0,0.0
0.0,-0.2237204939083484,0.0,0.8398001940372836,1.0,0.0,0.0,0.0,1.0,0.0,0.0,1.0,0.0,0.0
1.0,2.7586870918647336e-16,0.0,-0.4939272551898938,1.0,0.0,0.0,0.0,0.0,0.0,1.0,0.0,1.0,0.0
0.0,1.950483383908569,0.25,-0.1468602014457531,0.0,0.0,0.0,1.0,0.0,0.0,0.0,0.0,0.0,1.0
1.0,0.7080811680131874,0.0,-0.4905435931060373,1.0,0.0,0.0,0.0,0.0,0.0,1.0,0.0,0.0,1.0
1.0,-0.6896213248691163,0.0,-0.4762838743240705,0.0,0.0,0.0,0.0,0.0,0.0,1.0,0.0,0.0,1.0
1.0,-0.379020770895271,0.125,-0.2996083755169905,1.0,0.0,0.0,0.0,0.0,0.0,1.0,0.0,0.0,1.0
1.0,-1.077872017336423,0.125,-0.4791029482202207,0.0,0.0,0.0,0.0,0.0,0.0,1.0,1.0,0.0,0.0
1.0,-0.379020770895271,0.0,-0.50746190352532,1.0,0.0,0.0,0.0,0.0,0.0,1.0,0.0,0.0,1.0
0.5,2.7586870918647336e-16,0.0,-0.3757407724037623,1.0,0.0,0.0,0.0,0.0,0.0,1.0,1.0,0.0,0.0
0.0,1.1739819989739555,0.0,-0.1304252713241642,1.0,0.0,1.0,0.0,0.0,0.0,0.0,0.0,0.0,1.0
1.0,-0.4566709093887323,0.25,-0.176829779902768,1.0,0.0,0.0,0.0,0.0,0.0,1.0,0.0,0.0,1.0
1.0,-0.146070355414887,0.125,-0.3373120387371061,1.0,0.0,0.0,0.0,0.0,0.0,1.0,0.0,0.0,1.0
0.0,2.7586870918647336e-16,0.0,-0.0540511842885455,1.0,0.0,0.0,1.0,0.0,0.0,0.0,0.0,0.0,1.0
1.0,2.7586870918647336e-16,0.0,-0.4939272551898938,1.0,0.0,0.0,0.0,0.0,0.0,1.0,0.0,1.0,0.0
1.0,2.7586870918647336e-16,0.0,-0.4881266916175683,0.0,0.0,0.0,0.0,0.0,0.0,1.0,0.0,0.0,1.0
1.0,2.7586870918647336e-16,0.0,-0.4932021847433531,0.0,0.0,0.0,0.0,0.0,0.0,1.0,0.0,1.0,0.0
0.5,-0.4566709093887323,0.25,0.777362927744772,1.0,0.0,0.0,0.0,0.0,0.0,1.0,0.0,0.0,1.0
1.0,0.2033552678056888,0.0,-0.4600906343513286,1.0,0.0,0.0,0.0,0.0,0.0,1.0,0.0,0.0,1.0
0.5,-0.4566709093887323,0.125,-0.1077876052225687,0.0,0.0,0.0,0.0,0.0,0.0,1.0,1.0,0.0,0.0
1.0,2.7586870918647336e-16,0.25,-0.1942314706197444,0.0,0.0,0.0,0.0,0.0,0.0,1.0,0.0,1.0,0.0
1.0,0.4751307525328035,0.0,-0.4082084602392588,0.0,0.0,0.0,0.0,0.0,0.0,1.0,0.0,0.0,1.0
1.0,0.2421803370524195,0.125,-0.2469199230683675,1.0,0.0,0.0,0.0,0.0,0.0,1.0,0.0,0.0,1.0
0.5,1.562232691441262,0.0,-0.1410596378734276,0.0,0.0,0.0,0.0,0.0,0.0,1.0,0.0,0.0,1.0
1.0,-1.2331722943233456,0.0,-0.4919125261091061,0.0,0.0,0.0,0.0,0.0,0.0,1.0,0.0,0.0,1.0
0.5,-0.7672714633625777,0.0,0.0667938901349017,0.0,0.0,0.0,0.0,0.0,0.0,1.0,0.0,0.0,1.0
1.0,2.7586870918647336e-16,0.0,-0.4914291458114123,1.0,0.0,0.0,0.0,0.0,0.0,1.0,0.0,1.0,0.0
0.0,0.2421803370524195,0.0,2.2864762171447826,0.0,0.0,0.0,0.0,0.0,0.0,1.0,0.0,0.0,1.0
1.0,-0.146070355414887,0.0,-0.4930417024845188,1.0,0.0,0.0,0.0,0.0,0.0,1.0,0.0,0.0,1.0
1.0,-0.379020770895271,0.0,-0.5039970335514509,1.0,0.0,0.0,0.0,0.0,0.0,0.0,1.0,0.0,0.0
1.0,0.0092299215720355,0.0,-0.5035948611437696,1.0,0.0,0.0,0.0,0.0,0.0,1.0,0.0,0.0,1.0
0.0,0.7857313065066488,0.0,-0.0443835783346697,1.0,1.0,0.0,0.0,0.0,0.0,0.0,1.0,0.0,0.0
0.0,0.7080811680131874,0.0,-0.6437751474749684,1.0,1.0,0.0,0.0,0.0,0.0,0.0,0.0,0.0,1.0
1.0,-0.6896213248691163,0.0,-0.4934438748922,1.0,0.0,0.0,0.0,0.0,0.0,1.0,0.0,0.0,1.0
0.0,0.7857313065066488,0.0,-0.1077876052225687,1.0,0.0,0.0,0.0,0.0,0.0,1.0,1.0,0.0,0.0
1.0,2.7586870918647336e-16,0.0,-0.5040782414414634,1.0,0.0,0.0,0.0,0.0,0.0,1.0,1.0,0.0,0.0
0.0,-1.077872017336423,0.0,1.0287206825455424,0.0,0.0,1.0,0.0,0.0,0.0,0.0,0.0,0.0,1.0
1.0,-0.5343210478821937,0.0,-0.4930417024845188,1.0,0.0,0.0,0.0,0.0,0.0,1.0,0.0,0.0,1.0
1.0,2.7586870918647336e-16,0.0,-0.4881266916175683,1.0,0.0,0.0,0.0,0.0,0.0,1.0,0.0,0.0,1.0
0.0,0.8633814450001102,0.0,1.956810854117618,0.0,0.0,0.0,0.0,0.0,1.0,0.0,1.0,0.0,0.0
1.0,2.7586870918647336e-16,0.0,-0.4881266916175683,1.0,0.0,0.0,0.0,0.0,0.0,1.0,0.0,0.0,1.0
1.0,2.7586870918647336e-16,0.0,-0.4934438748922,1.0,0.0,0.0,0.0,0.0,0.0,1.0,0.0,0.0,1.0
1.0,2.7586870918647336e-16,0.0,-0.5040782414414634,0.0,0.0,0.0,0.0,0.0,0.0,1.0,1.0,0.0,0.0
1.0,-0.9225717403495004,0.125,-0.4919125261091061,1.0,0.0,0.0,0.0,0.0,0.0,1.0,0.0,0.0,1.0
1.0,2.4163842148693364,0.0,-0.5231717632003681,1.0,0.0,0.0,0.0,0.0,0.0,1.0,0.0,0.0,1.0
1.0,-0.146070355414887,0.0,-0.4934438748922,0.0,0.0,0.0,0.0,0.0,0.0,1.0,0.0,0.0,1.0
1.0,2.7586870918647336e-16,0.0,0.4485831174229828,1.0,0.0,0.0,0.0,0.0,0.0,1.0,0.0,0.0,1.0
1.0,-1.5437728482971909,0.5,-0.0806371006617039,1.0,0.0,0.0,0.0,0.0,0.0,1.0,0.0,1.0,0.0
0.0,1.1739819989739555,0.125,0.9702316665245938,1.0,0.0,0.0,1.0,0.0,0.0,0.0,0.0,0.0,1.0
0.0,-0.2237204939083484,0.125,2.000879669097765,1.0,0.0,0.0,1.0,0.0,0.0,0.0,1.0,0.0,0.0
1.0,-0.4178458401420017,0.0,-0.4881266916175683,1.0,0.0,0.0,0.0,0.0,0.0,1.0,0.0,0.0,1.0
0.0,1.212807068220686,0.0,-0.0927216081040487,1.0,0.0,0.0,1.0,0.0,0.0,0.0,0.0,0.0,1.0
0.0,0.3974806140393422,0.0,1.978723449772673,0.0,0.0,0.0,1.0,0.0,0.0,0.0,0.0,0.0,1.0
0.0,1.562232691441262,0.125,0.4370631981683443,1.0,0.0,0.0,0.0,0.0,1.0,0.0,0.0,0.0,1.0
0.0,1.562232691441262,0.0,4.142091972101227,0.0,0.0,1.0,0.0,0.0,0.0,0.0,1.0,0.0,0.0
0.0,-0.8449216018560389,0.125,0.38292460482664,1.0,0.0,0.0,0.0,1.0,0.0,0.0,0.0,0.0,1.0
0.0,-0.146070355414887,0.0,-0.1304252713241642,1.0,0.0,0.0,1.0,0.0,0.0,0.0,0.0,0.0,1.0
1.0,-0.6896213248691163,0.0,-0.4881266916175683,1.0,0.0,0.0,0.0,0.0,0.0,1.0,0.0,0.0,1.0
1.0,0.0092299215720355,0.0,-0.4025683789257676,0.0,0.0,0.0,0.0,0.0,0.0,1.0,0.0,0.0,1.0
1.0,2.7586870918647336e-16,0.125,-0.3489943737717696,1.0,0.0,0.0,0.0,0.0,0.0,1.0,1.0,0.0,0.0
1.0,-1.1555221558298845,0.125,-0.3643001275179457,0.0,0.0,0.0,0.0,0.0,0.0,1.0,1.0,0.0,0.0
0.0,0.4751307525328035,0.0,4.42930107682135,0.0,0.0,1.0,0.0,0.0,0.0,0.0,1.0,0.0,0.0
0.5,0.2421803370524195,0.125,-0.1072230170348623,0.0,0.0,0.0,0.0,0.0,0.0,1.0,0.0,0.0,1.0
0.0,0.4751307525328035,0.0,0.8110390663245028,1.0,0.0,0.0,1.0,0.0,0.0,0.0,1.0,0.0,0.0
1.0,0.0092299215720355,0.0,-0.5039970335514509,1.0,0.0,0.0,0.0,0.0,0.0,1.0,1.0,0.0,0.0
1.0,-0.2237204939083484,0.0,-0.5040782414414634,1.0,0.0,0.0,0.0,0.0,0.0,1.0,1.0,0.0,0.0
1.0,2.7586870918647336e-16,0.0,-0.5039970335514509,1.0,0.0,0.0,0.0,0.0,0.0,1.0,1.0,0.0,0.0
1.0,0.1645301985589582,0.0,-0.4972297093837378,1.0,0.0,0.0,0.0,0.0,0.0,1.0,0.0,0.0,1.0
0.5,0.3974806140393422,0.0,-0.2377356974121854,0.0,0.0,0.0,0.0,0.0,0.0,1.0,0.0,0.0,1.0
0.0,1.2516321374674166,0.0,0.8875736356189561,1.0,0.0,0.0,0.0,0.0,0.0,1.0,1.0,0.0,0.0
0.5,1.329282275960878,0.0,-0.440755422443577,1.0,0.0,0.0,0.0,0.0,0.0,1.0,0.0,0.0,1.0
0.0,0.7857313065066488,0.125,1.956810854117618,0.0,0.0,0.0,0.0,0.0,1.0,0.0,1.0,0.0,0.0
1.0,0.1645301985589582,0.0,-0.4881266916175683,1.0,0.0,0.0,0.0,0.0,0.0,1.0,0.0,0.0,1.0
1.0,2.7586870918647336e-16,0.25,-0.1942314706197444,1.0,0.0,0.0,0.0,0.0,0.0,1.0,0.0,1.0,0.0
1.0,-0.611971186375655,0.125,-0.3750157019572216,0.0,0.0,0.0,0.0,0.0,0.0,1.0,0.0,0.0,1.0
1.0,2.2610839378824137,0.0,-0.5035948611437696,1.0,0.0,0.0,0.0,0.0,0.0,1.0,0.0,0.0,1.0
0.5,2.4163842148693364,0.0,-0.4049852804142365,1.0,0.0,0.0,0.0,0.0,0.0,1.0,0.0,1.0,0.0
0.5,-1.2331722943233456,0.0,0.6130136265288837,1.0,0.0,0.0,0.0,0.0,0.0,1.0,0.0,0.0,1.0
1.0,2.7586870918647336e-16,0.0,-0.4941689453387407,0.0,0.0,0.0,0.0,0.0,0.0,1.0,0.0,1.0,0.0
0.0,1.0186817219870328,0.125,0.4282018705510217,0.0,0.0,0.0,1.0,0.0,0.0,0.0,1.0,0.0,0.0
0.0,1.950483383908569,0.125,1.1640671658998034,1.0,0.0,1.0,0.0,0.0,0.0,0.0,0.0,0.0,1.0
0.5,2.4940343533627978,0.0,-0.440755422443577,1.0,0.0,0.0,0.0,0.0,0.0,1.0,0.0,0.0,1.0
0.5,2.7586870918647336e-16,0.0,-0.6437751474749684,1.0,0.0,0.0,0.0,0.0,0.0,1.0,0.0,0.0,1.0
1.0,0.9410315834935714,0.0,-0.4977942975714441,1.0,0.0,0.0,0.0,0.0,0.0,1.0,0.0,0.0,1.0
1.0,3.4258360152843337,0.0,-0.4934438748922,1.0,0.0,0.0,0.0,0.0,0.0,1.0,0.0,0.0,1.0
0.5,-0.3013706324018097,0.125,-0.0830540021501729,1.0,0.0,0.0,0.0,0.0,0.0,1.0,0.0,0.0,1.0
1.0,-0.4566709093887323,0.0,-0.50746190352532,1.0,0.0,0.0,0.0,0.0,0.0,1.0,0.0,0.0,1.0
1.0,-0.4566709093887323,0.0,-0.4939272551898938,0.0,0.0,0.0,0.0,0.0,0.0,1.0,0.0,1.0,0.0
1.0,2.7586870918647336e-16,1.0,0.7009888407091532,1.0,0.0,0.0,0.0,0.0,0.0,1.0,0.0,0.0,1.0
0.5,0.0092299215720355,0.0,-0.392417392674198,1.0,0.0,0.0,0.0,0.0,0.0,1.0,0.0,0.0,1.0
0.0,2.02813352240203,0.0,0.964108204913409,0.0,0.0,0.0,1.0,0.0,0.0,0.0,1.0,0.0,0.0
0.5,0.3198304755458808,0.0,-0.392417392674198,0.0,0.0,0.0,0.0,0.0,0.0,1.0,0.0,0.0,1.0
1.0,2.7586870918647336e-16,0.0,-0.4941689453387407,1.0,0.0,0.0,0.0,0.0,0.0,1.0,0.0,1.0,0.0
1.0,0.6304310295197262,0.0,-0.4911081812937436,1.0,0.0,0.0,0.0,0.0,0.0,1.0,0.0,0.0,1.0
1.0,-0.611971186375655,0.0,-0.5035948611437696,1.0,0.0,0.0,0.0,0.0,0.0,1.0,0.0,0.0,1.0
0.5,-0.379020770895271,0.0,-0.392417392674198,1.0,0.0,0.0,0.0,0.0,0.0,1.0,0.0,0.0,1.0
0.5,-1.077872017336423,0.0,-0.440755422443577,1.0,0.0,0.0,0.0,0.0,0.0,1.0,0.0,0.0,1.0
0.5,1.8728332454151075,0.125,-0.1410596378734276,1.0,0.0,0.0,0.0,0.0,0.0,1.0,0.0,0.0,1.0
1.0,-0.7672714633625777,0.0,-0.50746190352532,1.0,0.0,0.0,0.0,0.0,0.0,1.0,0.0,0.0,1.0
1.0,-0.4566709093887323,0.0,-0.4911081812937436,1.0,0.0,0.0,0.0,0.0,0.0,1.0,0.0,0.0,1.0
1.0,-1.0002218788429615,0.5,-0.4905435931060373,0.0,0.0,0.0,0.0,0.0,0.0,1.0,0.0,0.0,1.0
0.5,1.6398828299347232,0.0,-0.4016016183303801,1.0,0.0,0.0,0.0,0.0,0.0,1.0,0.0,0.0,1.0
0.0,2.7586870918647336e-16,0.0,-0.1460539231091998,1.0,0.0,0.0,0.0,0.0,0.0,1.0,1.0,0.0,0.0
1.0,2.7586870918647336e-16,0.0,-0.4933626670021874,0.0,0.0,0.0,0.0,0.0,0.0,1.0,0.0,1.0,0.0
0.0,-0.146070355414887,0.0,0.0426248752502123,1.0,1.0,0.0,0.0,0.0,0.0,0.0,0.0,0.0,1.0
0.0,0.0868800600654969,0.125,0.4583319312668711,1.0,0.0,1.0,0.0,0.0,0.0,0.0,0.0,0.0,1.0
0.0,3.891736846245102,0.0,-0.0637187902424213,1.0,1.0,0.0,0.0,0.0,0.0,0.0,0.0,0.0,1.0
0.0,-0.4566709093887323,0.125,0.5163375669901258,1.0,0.0,0.0,1.0,0.0,0.0,0.0,0.0,0.0,1.0
0.0,-0.5343210478821937,0.0,1.1640671658998034,1.0,0.0,1.0,0.0,0.0,0.0,0.0,0.0,0.0,1.0
1.0,2.7586870918647336e-16,0.0,-0.5084286641207075,1.0,0.0,0.0,0.0,0.0,0.0,1.0,0.0,0.0,1.0
0.0,0.5527808910262648,0.125,0.38292460482664,1.0,0.0,0.0,1.0,0.0,0.0,0.0,0.0,0.0,1.0
1.0,2.7586870918647336e-16,0.0,-0.4911081812937436,1.0,0.0,0.0,0.0,0.0,0.0,1.0,0.0,0.0,1.0
0.5,0.0868800600654969,0.125,-0.1362258348964897,1.0,0.0,0.0,0.0,0.0,0.0,1.0,0.0,0.0,1.0
0.5,-0.0684202169214257,0.125,-0.1410596378734276,0.0,0.0,0.0,0.0,0.0,0.0,1.0,0.0,0.0,1.0
1.0,2.7586870918647336e-16,0.0,-0.4939272551898938,1.0,0.0,0.0,0.0,0.0,0.0,1.0,0.0,1.0,0.0
0.0,0.9410315834935714,0.0,-0.1304252713241642,1.0,0.0,0.0,0.0,1.0,0.0,0.0,0.0,0.0,1.0
0.0,-0.6896213248691163,0.0,0.8635651029931007,0.0,0.0,0.0,0.0,1.0,0.0,0.0,0.0,0.0,1.0
0.0,1.4069324144543394,0.125,4.42930107682135,0.0,0.0,1.0,0.0,0.0,0.0,0.0,1.0,0.0,0.0
0.5,-0.0684202169214257,0.125,-0.1410596378734276,1.0,0.0,0.0,0.0,0.0,0.0,1.0,0.0,0.0,1.0
0.5,1.0186817219870328,0.125,-0.1362258348964897,1.0,0.0,0.0,0.0,0.0,0.0,1.0,0.0,0.0,1.0
1.0,-0.9225717403495004,0.0,-0.4988422660568443,0.0,0.0,0.0,0.0,0.0,0.0,1.0,0.0,0.0,1.0
1.0,2.7586870918647336e-16,0.125,-0.5193047208188177,1.0,0.0,0.0,0.0,0.0,0.0,1.0,1.0,0.0,0.0
0.0,0.5527808910262648,0.125,1.096393924222673,0.0,0.0,0.0,1.0,0.0,0.0,0.0,0.0,1.0,0.0
1.0,-0.6896213248691163,0.0,-0.4911081812937436,1.0,0.0,0.0,0.0,0.0,0.0,1.0,0.0,0.0,1.0
1.0,0.1645301985589582,0.125,-0.3440793629048191,0.0,0.0,0.0,0.0,0.0,0.0,1.0,0.0,1.0,0.0
1.0,-1.0002218788429615,0.0,-0.5060117626322386,1.0,0.0,0.0,0.0,0.0,0.0,1.0,0.0,0.0,1.0
1.0,0.7080811680131874,0.0,-0.4905435931060373,1.0,0.0,0.0,0.0,0.0,0.0,1.0,0.0,0.0,1.0
1.0,-1.077872017336423,0.125,0.0208727618539917,1.0,0.0,0.0,0.0,0.0,0.0,1.0,0.0,0.0,1.0
1.0,-1.2331722943233456,0.0,-0.4654078176259602,1.0,0.0,0.0,0.0,0.0,0.0,1.0,0.0,0.0,1.0
1.0,0.2421803370524195,0.0,-0.4934438748922,1.0,0.0,0.0,0.0,0.0,0.0,1.0,0.0,0.0,1.0
1.0,-0.6896213248691163,0.0,-0.4929604945945062,1.0,0.0,0.0,0.0,0.0,0.0,1.0,0.0,0.0,1.0
1.0,-0.9225717403495004,0.25,0.0208727618539917,1.0,0.0,0.0,0.0,0.0,0.0,1.0,0.0,0.0,1.0
1.0,-2.2426240947383427,0.125,-0.3208771086155172,0.0,0.0,0.0,0.0,0.0,0.0,0.0,0.0,0.0,1.0
0.0,-0.146070355414887,0.375,4.441385584263695,0.0,0.0,0.0,1.0,0.0,0.0,0.0,0.0,0.0,1.0
1.0,2.7586870918647336e-16,0.0,-0.3634145748125707,1.0,0.0,0.0,0.0,0.0,0.0,1.0,0.0,0.0,1.0
1.0,-1.310822432816807,0.0,-0.5039970335514509,0.0,0.0,0.0,0.0,0.0,0.0,1.0,1.0,0.0,0.0
1.0,2.7586870918647336e-16,0.0,-0.4911081812937436,1.0,0.0,0.0,0.0,0.0,0.0,1.0,0.0,0.0,1.0
1.0,-2.0096736792579586,0.5,-0.0806371006617039,1.0,0.0,0.0,0.0,0.0,0.0,1.0,0.0,1.0,0.0
1.0,-0.0684202169214257,0.0,-0.2362855565191041,0.0,0.0,0.0,0.0,0.0,0.0,1.0,0.0,0.0,1.0
1.0,2.7586870918647336e-16,0.0,-0.4802321245956333,1.0,0.0,0.0,0.0,0.0,0.0,1.0,0.0,1.0,0.0
0.0,2.338734076375875,0.125,0.8111995485833373,0.0,0.0,0.0,0.0,1.0,0.0,0.0,1.0,0.0,0.0
1.0,0.2421803370524195,0.0,-0.4881266916175683,1.0,0.0,0.0,0.0,0.0,0.0,1.0,0.0,0.0,1.0
0.5,0.3974806140393422,0.0,-0.440755422443577,1.0,0.0,0.0,0.0,0.0,0.0,1.0,0.0,0.0,1.0
1.0,-1.6214229867906522,0.5,-0.036891183720416,1.0,0.0,0.0,0.0,0.0,0.0,1.0,0.0,0.0,1.0
1.0,0.8633814450001102,0.0,-0.2529621767895398,0.0,0.0,0.0,0.0,0.0,0.0,1.0,0.0,0.0,1.0
0.5,0.1645301985589582,0.25,0.777362927744772,1.0,0.0,0.0,0.0,0.0,0.0,1.0,0.0,0.0,1.0
0.5,-1.388472571310268,0.25,0.1102981169273428,0.0,0.0,0.0,0.0,0.0,0.0,0.0,0.0,0.0,1.0
0.5,0.3974806140393422,0.0,-0.1410596378734276,1.0,0.0,0.0,0.0,0.0,0.0,1.0,0.0,0.0,1.0
1.0,2.7586870918647336e-16,0.0,-0.4914291458114123,0.0,0.0,0.0,0.0,0.0,0.0,1.0,0.0,1.0,0.0
1.0,2.7586870918647336e-16,0.0,-0.4939272551898938,0.0,0.0,0.0,0.0,0.0,0.0,1.0,0.0,1.0,0.0
0.5,-0.4566709093887323,0.25,-0.121724425965676,0.0,0.0,0.0,0.0,0.0,0.0,1.0,0.0,0.0,1.0
1.0,-1.2331722943233456,0.625,0.2630462909985802,1.0,0.0,0.0,0.0,0.0,0.0,1.0,0.0,0.0,1.0
1.0,-0.611971186375655,0.0,-0.4983588857591504,1.0,0.0,0.0,0.0,0.0,0.0,1.0,0.0,0.0,1.0
0.5,0.4751307525328035,0.0,-0.392417392674198,0.0,0.0,0.0,0.0,1.0,0.0,0.0,0.0,0.0,1.0
1.0,2.7586870918647336e-16,0.0,-0.4939272551898938,0.0,0.0,0.0,0.0,0.0,0.0,1.0,0.0,1.0,0.0
0.5,-0.9225717403495004,0.0,-0.392417392674198,0.0,0.0,0.0,0.0,0.0,0.0,1.0,0.0,0.0,1.0
1.0,-0.7672714633625777,0.0,-0.5040782414414634,1.0,0.0,0.0,0.0,0.0,0.0,1.0,1.0,0.0,0.0
1.0,2.7586870918647336e-16,0.0,-0.4939272551898938,1.0,0.0,0.0,0.0,0.0,0.0,1.0,0.0,1.0,0.0
1.0,-0.7672714633625777,0.0,-0.4881266916175683,1.0,0.0,0.0,0.0,0.0,0.0,1.0,0.0,0.0,1.0
1.0,-1.077872017336423,0.0,-0.4881266916175683,1.0,0.0,0.0,0.0,0.0,0.0,1.0,0.0,0.0,1.0
0.0,1.0186817219870328,0.125,-0.1077876052225687,1.0,0.0,0.0,0.0,1.0,0.0,0.0,1.0,0.0,0.0
1.0,0.8245563757533795,0.0,-0.3518134476679197,1.0,0.0,0.0,0.0,0.0,0.0,1.0,0.0,0.0,1.0
1.0,2.7586870918647336e-16,0.0,0.4485831174229828,1.0,0.0,0.0,0.0,0.0,0.0,1.0,0.0,0.0,1.0
1.0,1.4845825529478007,0.0,-0.6437751474749684,1.0,0.0,0.0,0.0,0.0,0.0,1.0,0.0,0.0,1.0
1.0,-2.2426240947383427,0.125,-0.4082084602392588,0.0,0.0,0.0,0.0,0.0,0.0,1.0,0.0,0.0,1.0
1.0,2.7586870918647336e-16,0.0,-0.176829779902768,1.0,0.0,0.0,0.0,0.0,0.0,1.0,0.0,1.0,0.0
1.0,0.8633814450001102,0.25,-0.370988177316837,1.0,0.0,0.0,0.0,0.0,0.0,1.0,0.0,0.0,1.0
1.0,-2.262036629361708,0.25,-0.2714118359919164,0.0,0.0,0.0,0.0,0.0,0.0,1.0,1.0,0.0,0.0
1.0,2.7586870918647336e-16,0.0,-0.4939272551898938,0.0,0.0,0.0,0.0,0.0,0.0,1.0,0.0,1.0,0.0
0.5,-0.4566709093887323,0.0,-0.440755422443577,1.0,0.0,0.0,0.0,0.0,0.0,1.0,0.0,0.0,1.0
1.0,2.7586870918647336e-16,0.0,-0.4881266916175683,1.0,0.0,0.0,0.0,0.0,0.0,1.0,0.0,0.0,1.0
0.5,0.7857313065066488,0.0,-0.392417392674198,1.0,0.0,0.0,0.0,0.0,0.0,1.0,0.0,0.0,1.0
0.5,-0.6896213248691163,0.25,0.777362927744772,1.0,0.0,0.0,0.0,0.0,0.0,1.0,0.0,0.0,1.0
1.0,0.7080811680131874,0.125,-0.0390663950600381,1.0,0.0,0.0,0.0,0.0,0.0,1.0,0.0,0.0,1.0
1.0,-2.1649739562448813,0.0,-0.406193731158471,0.0,0.0,0.0,0.0,0.0,0.0,1.0,0.0,0.0,1.0
0.5,-0.9225717403495004,0.0,-0.4214202105358254,1.0,0.0,0.0,0.0,0.0,0.0,1.0,0.0,0.0,1.0
0.5,0.3198304755458808,0.125,-0.1410596378734276,1.0,0.0,0.0,0.0,0.0,0.0,1.0,0.0,0.0,1.0
1.0,-0.3013706324018097,0.125,-0.2179171052067401,0.0,0.0,0.0,0.0,0.0,0.0,1.0,0.0,0.0,1.0
0.5,-0.611971186375655,0.0,-0.2377356974121854,0.0,0.0,0.0,0.0,0.0,0.0,1.0,0.0,0.0,1.0
1.0,0.6304310295197262,0.0,-0.5039970335514509,0.0,0.0,0.0,0.0,0.0,0.0,1.0,1.0,0.0,0.0
1.0,0.1645301985589582,0.0,-0.4934438748922,1.0,0.0,0.0,0.0,0.0,0.0,1.0,0.0,0.0,1.0
1.0,-0.2237204939083484,0.0,-0.4914291458114123,0.0,0.0,0.0,0.0,0.0,0.0,1.0,0.0,1.0,0.0
1.0,2.7586870918647336e-16,0.0,-0.4911081812937436,1.0,0.0,0.0,0.0,0.0,0.0,1.0,0.0,0.0,1.0
0.0,2.7586870918647336e-16,0.125,1.9403759239960288,0.0,0.0,0.0,0.0,0.0,0.0,1.0,0.0,0.0,1.0
1.0,2.7586870918647336e-16,0.0,-0.4943294275975751,1.0,0.0,0.0,0.0,0.0,0.0,1.0,0.0,1.0,0.0
0.5,1.2516321374674166,0.0,-0.1410596378734276,1.0,0.0,0.0,0.0,0.0,0.0,1.0,0.0,0.0,1.0
1.0,-1.077872017336423,0.0,-0.495860776380669,0.0,0.0,0.0,0.0,0.0,0.0,1.0,0.0,0.0,1.0
1.0,2.7586870918647336e-16,0.125,-0.1903644282381941,0.0,0.0,0.0,0.0,0.0,0.0,1.0,0.0,0.0,1.0
0.5,-0.8449216018560389,0.0,-0.440755422443577,1.0,0.0,0.0,0.0,0.0,0.0,1.0,0.0,0.0,1.0
1.0,2.7586870918647336e-16,0.0,-0.4939272551898938,0.0,0.0,0.0,0.0,0.0,0.0,1.0,0.0,1.0,0.0
1.0,-0.6896213248691163,0.0,-0.495860776380669,0.0,0.0,0.0,0.0,0.0,0.0,1.0,0.0,0.0,1.0
0.5,1.1739819989739555,0.0,-0.3827497867203223,0.0,0.0,0.0,0.0,0.0,0.0,1.0,0.0,0.0,1.0
0.5,-0.2237204939083484,0.0,-0.392417392674198,1.0,0.0,0.0,0.0,0.0,0.0,1.0,0.0,0.0,1.0
1.0,2.7586870918647336e-16,0.0,-0.4939272551898938,1.0,0.0,0.0,0.0,0.0,0.0,1.0,0.0,1.0,0.0
0.0,0.8633814450001102,0.125,0.3589972800907973,1.0,0.0,0.0,0.0,1.0,0.0,0.0,0.0,0.0,1.0
0.5,0.0868800600654969,0.125,0.0717089010018521,1.0,0.0,0.0,0.0,0.0,0.0,1.0,1.0,0.0,0.0
0.0,0.9410315834935714,0.125,0.3616558717281132,1.0,0.0,0.0,0.0,0.0,0.0,1.0,0.0,0.0,1.0
1.0,2.7586870918647336e-16,0.125,-0.3642208531491239,1.0,0.0,0.0,0.0,0.0,0.0,1.0,1.0,0.0,0.0
1.0,2.7586870918647336e-16,0.0,-0.4977942975714441,0.0,0.0,0.0,0.0,0.0,0.0,1.0,0.0,0.0,1.0
1.0,2.7586870918647336e-16,0.125,-0.4939272551898938,1.0,0.0,0.0,0.0,0.0,0.0,1.0,0.0,1.0,0.0
1.0,0.8245563757533795,0.0,-0.4939272551898938,1.0,0.0,0.0,0.0,0.0,0.0,1.0,0.0,1.0,0.0
1.0,-0.5343210478821937,0.0,-0.50746190352532,1.0,0.0,0.0,0.0,0.0,0.0,1.0,0.0,0.0,1.0
0.0,1.950483383908569,0.125,0.5047364398454749,1.0,0.0,0.0,0.0,0.0,0.0,1.0,1.0,0.0,0.0
1.0,2.7586870918647336e-16,0.0,-0.4881266916175683,1.0,0.0,0.0,0.0,0.0,0.0,1.0,0.0,0.0,1.0
1.0,-2.2555683728252025,0.0,-0.4629909161374912,1.0,0.0,0.0,0.0,0.0,0.0,1.0,0.0,0.0,1.0
0.0,2.7586870918647336e-16,0.0,-0.1077876052225687,1.0,0.0,0.0,0.0,0.0,0.0,1.0,1.0,0.0,0.0
0.0,2.7586870918647336e-16,0.0,-0.1304252713241642,1.0,0.0,0.0,0.0,1.0,0.0,0.0,0.0,0.0,1.0
1.0,0.0092299215720355,0.0,-0.4911081812937436,1.0,0.0,0.0,0.0,0.0,0.0,1.0,0.0,0.0,1.0
0.5,0.3198304755458808,0.0,-0.392417392674198,1.0,0.0,0.0,0.0,1.0,0.0,0.0,0.0,0.0,1.0
1.0,0.0092299215720355,0.0,-0.4881266916175683,1.0,0.0,0.0,0.0,0.0,0.0,1.0,0.0,0.0,1.0
0.5,-0.3013706324018097,0.0,-0.392417392674198,1.0,0.0,0.0,0.0,0.0,0.0,1.0,0.0,0.0,1.0
0.5,-0.7672714633625777,0.125,-0.1410596378734276,0.0,0.0,0.0,0.0,0.0,0.0,1.0,0.0,0.0,1.0
1.0,2.7586870918647336e-16,0.0,-0.5040782414414634,1.0,0.0,0.0,0.0,0.0,0.0,1.0,1.0,0.0,0.0
1.0,-0.6896213248691163,0.0,-0.4930417024845188,1.0,0.0,0.0,0.0,0.0,0.0,1.0,0.0,0.0,1.0
0.0,1.4845825529478007,0.0,-0.6437751474749684,1.0,0.0,1.0,0.0,0.0,0.0,0.0,0.0,0.0,1.0
1.0,2.7586870918647336e-16,0.0,-0.4881266916175683,1.0,0.0,0.0,0.0,0.0,0.0,1.0,0.0,0.0,1.0
1.0,-0.146070355414887,0.0,-0.2082494992528643,1.0,0.0,0.0,0.0,0.0,0.0,1.0,0.0,0.0,1.0
1.0,2.7586870918647336e-16,0.0,-0.5193047208188177,1.0,0.0,0.0,0.0,0.0,0.0,1.0,1.0,0.0,0.0
0.0,-0.379020770895271,0.125,2.2864762171447826,0.0,0.0,0.0,1.0,0.0,0.0,0.0,0.0,0.0,1.0
0.0,0.0868800600654969,0.0,0.3325718459764734,1.0,1.0,0.0,0.0,0.0,0.0,0.0,0.0,0.0,1.0
0.5,1.562232691441262,0.125,-0.1410596378734276,1.0,0.0,0.0,0.0,0.0,0.0,1.0,0.0,0.0,1.0
0.5,0.4751307525328035,0.125,-0.1072230170348623,1.0,0.0,0.0,0.0,0.0,0.0,1.0,0.0,0.0,1.0
1.0,1.562232691441262,0.125,-0.3634145748125707,1.0,0.0,0.0,0.0,0.0,0.0,1.0,0.0,0.0,1.0
1.0,2.7586870918647336e-16,0.125,-0.3489943737717696,1.0,0.0,0.0,0.0,0.0,0.0,1.0,1.0,0.0,0.0
1.0,-0.7672714633625777,0.0,-0.4600906343513286,1.0,0.0,0.0,0.0,0.0,0.0,1.0,0.0,0.0,1.0
1.0,2.7586870918647336e-16,0.0,-0.4911081812937436,1.0,0.0,0.0,0.0,0.0,0.0,1.0,1.0,0.0,0.0
0.0,0.6304310295197262,0.125,0.734502563508859,0.0,0.0,0.0,1.0,0.0,0.0,0.0,1.0,0.0,0.0
1.0,2.7586870918647336e-16,0.0,-0.4942501532287532,1.0,0.0,0.0,0.0,0.0,0.0,1.0,0.0,1.0,0.0
1.0,2.7586870918647336e-16,0.25,-0.2246032214844406,1.0,0.0,0.0,0.0,0.0,0.0,1.0,1.0,0.0,0.0
1.0,-0.0684202169214257,0.0,-0.4939272551898938,1.0,0.0,0.0,0.0,0.0,0.0,1.0,0.0,1.0,0.0
1.0,2.7586870918647336e-16,0.0,-0.4911081812937436,1.0,0.0,0.0,0.0,0.0,0.0,1.0,1.0,0.0,0.0
0.0,2.7586870918647336e-16,0.0,-0.0311718280381031,0.0,0.0,0.0,0.0,0.0,0.0,1.0,0.0,0.0,1.0
0.5,-1.077872017336423,0.0,-0.1410596378734276,1.0,0.0,0.0,0.0,0.0,0.0,1.0,0.0,0.0,1.0
1.0,-0.6896213248691163,0.0,-0.4939272551898938,0.0,0.0,0.0,0.0,0.0,0.0,1.0,0.0,1.0,0.0
0.0,2.4163842148693364,0.125,4.42930107682135,1.0,0.0,1.0,0.0,0.0,0.0,0.0,1.0,0.0,0.0
1.0,-0.4566709093887323,0.0,-0.5035948611437696,1.0,0.0,0.0,0.0,0.0,0.0,1.0,0.0,1.0,0.0
1.0,0.2421803370524195,0.125,-0.2459531624729799,0.0,0.0,0.0,0.0,0.0,0.0,1.0,0.0,0.0,1.0
0.5,0.8633814450001102,0.0,-0.2667385152738128,0.0,0.0,0.0,0.0,0.0,0.0,1.0,0.0,0.0,1.0
1.0,-1.6214229867906522,0.0,-0.2469199230683675,1.0,0.0,0.0,0.0,0.0,0.0,1.0,0.0,0.0,1.0
1.0,1.6398828299347232,0.0,-0.4939272551898938,1.0,0.0,0.0,0.0,0.0,0.0,1.0,0.0,0.0,1.0
0.5,-0.379020770895271,0.0,-0.392417392674198,1.0,0.0,0.0,0.0,0.0,0.0,1.0,0.0,0.0,1.0
1.0,0.2421803370524195,0.0,-0.4764443565829048,1.0,0.0,0.0,0.0,0.0,0.0,1.0,0.0,0.0,1.0
0.5,0.9410315834935714,0.0,-0.392417392674198,1.0,0.0,0.0,0.0,0.0,0.0,1.0,0.0,0.0,1.0
0.0,0.3974806140393422,0.0,-0.1304252713241642,1.0,0.0,0.0,0.0,0.0,0.0,1.0,1.0,0.0,0.0
0.0,1.4069324144543394,0.125,0.3616558717281132,1.0,0.0,0.0,1.0,0.0,0.0,0.0,0.0,0.0,1.0
1.0,-1.6214229867906522,0.375,-0.1043227352486996,0.0,0.0,0.0,0.0,0.0,0.0,1.0,0.0,0.0,1.0
0.5,2.7586870918647336e-16,0.0,-0.6437751474749684,1.0,0.0,0.0,0.0,0.0,0.0,1.0,0.0,0.0,1.0
1.0,-0.2237204939083484,0.0,-0.5089120444184012,1.0,0.0,0.0,0.0,0.0,0.0,1.0,0.0,0.0,1.0
0.5,-0.9225717403495004,0.0,0.777362927744772,1.0,0.0,0.0,0.0,0.0,0.0,1.0,0.0,0.0,1.0
0.0,0.0092299215720355,0.0,0.235976994327728,1.0,0.0,0.0,0.0,0.0,0.0,1.0,0.0,0.0,1.0
0.0,1.950483383908569,0.0,-0.0540511842885455,1.0,0.0,0.0,1.0,0.0,0.0,0.0,0.0,0.0,1.0
0.5,-1.6990731252841136,0.0,-0.0153807604730424,1.0,0.0,0.0,0.0,0.0,0.0,1.0,0.0,0.0,1.0
0.0,2.7586870918647336e-16,0.0,-0.1410596378734276,1.0,1.0,0.0,0.0,0.0,0.0,0.0,0.0,0.0,1.0
0.5,0.3198304755458808,0.125,-0.1410596378734276,1.0,0.0,0.0,0.0,0.0,0.0,1.0,0.0,0.0,1.0
0.0,2.7586870918647336e-16,0.125,0.3589972800907973,0.0,0.0,0.0,0.0,1.0,0.0,0.0,0.0,0.0,1.0
0.0,-0.611971186375655,0.0,1.978723449772673,1.0,0.0,0.0,0.0,0.0,0.0,1.0,1.0,0.0,0.0
0.5,1.8728332454151075,0.0,-0.1410596378734276,1.0,0.0,0.0,0.0,0.0,0.0,1.0,0.0,0.0,1.0
1.0,-1.1555221558298845,0.0,-0.4885288640252496,0.0,0.0,0.0,0.0,0.0,0.0,1.0,0.0,1.0,0.0
0.0,-1.077872017336423,0.0,0.1180322016904434,0.0,0.0,0.0,0.0,1.0,0.0,0.0,0.0,0.0,1.0
0.5,0.1645301985589582,0.125,-0.1410596378734276,1.0,0.0,0.0,0.0,0.0,0.0,1.0,0.0,0.0,1.0
1.0,1.6398828299347232,0.0,-0.4881266916175683,1.0,0.0,0.0,0.0,0.0,0.0,1.0,0.0,0.0,1.0
0.0,1.4069324144543394,0.125,1.4139747798074924,0.0,0.0,0.0,1.0,0.0,0.0,0.0,1.0,0.0,0.0
0.0,3.115235461310488,0.125,0.729024897975393,1.0,0.0,1.0,0.0,0.0,0.0,0.0,0.0,0.0,1.0
1.0,2.7586870918647336e-16,0.0,-0.2114726790778865,0.0,0.0,0.0,0.0,0.0,0.0,1.0,1.0,0.0,0.0
0.5,-0.146070355414887,0.0,-0.392417392674198,1.0,0.0,0.0,0.0,0.0,0.0,1.0,0.0,0.0,1.0
0.5,-0.379020770895271,0.125,-0.0637187902424213,0.0,0.0,0.0,0.0,0.0,0.0,1.0,0.0,0.0,1.0
0.0,2.7586870918647336e-16,0.125,2.1892355694183183,0.0,0.0,1.0,0.0,0.0,0.0,0.0,1.0,0.0,0.0
1.0,-1.6990731252841136,0.5,-0.0806371006617039,1.0,0.0,0.0,0.0,0.0,0.0,1.0,0.0,1.0,0.0
1.0,-0.4566709093887323,0.0,-0.4934438748922,1.0,0.0,0.0,0.0,0.0,0.0,1.0,0.0,0.0,1.0
1.0,0.1645301985589582,0.0,0.4485831174229828,1.0,0.0,0.0,0.0,0.0,0.0,1.0,0.0,0.0,1.0
1.0,-1.0002218788429615,0.0,-0.4762838743240705,1.0,0.0,0.0,0.0,0.0,0.0,1.0,0.0,0.0,1.0
1.0,2.7586870918647336e-16,0.125,-0.3324782357601681,0.0,0.0,0.0,0.0,0.0,0.0,1.0,0.0,0.0,1.0
0.5,1.562232691441262,0.0,-0.440755422443577,0.0,0.0,0.0,0.0,0.0,0.0,1.0,0.0,0.0,1.0
1.0,2.7586870918647336e-16,0.0,-0.5039970335514509,1.0,0.0,0.0,0.0,0.0,0.0,1.0,1.0,0.0,0.0
0.0,0.9410315834935714,0.125,0.3723714461673892,1.0,0.0,0.0,0.0,1.0,0.0,0.0,0.0,0.0,1.0
1.0,-0.8449216018560389,0.0,-0.4911081812937436,1.0,0.0,0.0,0.0,0.0,0.0,1.0,0.0,0.0,1.0
0.0,1.1739819989739555,0.125,0.3723714461673892,0.0,0.0,0.0,0.0,1.0,0.0,0.0,0.0,0.0,1.0
0.0,0.3198304755458808,0.0,-0.1304252713241642,1.0,0.0,0.0,0.0,0.0,0.0,1.0,0.0,0.0,1.0
1.0,0.8633814450001102,0.0,-0.4919937339991186,1.0,0.0,0.0,0.0,0.0,0.0,1.0,0.0,0.0,1.0
0.5,0.9410315834935714,0.0,-0.392417392674198,1.0,0.0,0.0,0.0,0.0,0.0,1.0,0.0,0.0,1.0
1.0,-1.0002218788429615,0.25,-0.4881266916175683,1.0,0.0,0.0,0.0,0.0,0.0,1.0,0.0,0.0,1.0
0.5,-0.8449216018560389,0.0,-0.440755422443577,1.0,0.0,0.0,0.0,0.0,0.0,1.0,0.0,0.0,1.0
0.5,0.0868800600654969,0.0,-0.2377356974121854,0.0,0.0,0.0,0.0,0.0,0.0,1.0,0.0,0.0,1.0
1.0,2.7586870918647336e-16,0.0,-0.4939272551898938,1.0,0.0,0.0,0.0,0.0,0.0,1.0,0.0,1.0,0.0
0.0,0.0092299215720355,0.0,0.4569629982638023,0.0,0.0,0.0,0.0,0.0,1.0,0.0,1.0,0.0,0.0
1.0,0.4751307525328035,0.125,-0.3073424602800911,0.0,0.0,0.0,0.0,0.0,0.0,1.0,0.0,0.0,1.0
0.0,-2.1649739562448813,0.125,2.2864762171447826,0.0,0.0,0.0,1.0,0.0,0.0,0.0,0.0,0.0,1.0
